mode,episode,seed,reset_success,initial_hl_distance_m,steps,terminated,truncated,termination_reason,outage_steps,warning_steps,min_separation_m,max_hl_distance_m,max_hl_xy_speed_mps,max_hl_abs_z_speed_mps,waypoint_switches,dmax_guard_steps,total_reward
nominal,0,0,True,1129.4583751464813,500,False,True,,0,0,172.4277806010178,1436.8118198547586,9.135194356139092,3.0,3,0,638.2204001578735
nominal,1,1,True,1127.5345128697106,500,False,True,,0,0,222.06803827593635,1811.1649433574887,10.000000000000002,3.0,2,115,549.0020829150561
nominal,2,2,True,1042.4359975794607,500,False,True,,0,0,157.38156149646227,1137.8086707246746,8.678921605760886,3.0,3,0,714.1661711626602
nominal,3,3,True,1301.9600192980974,500,False,True,,0,0,217.167059749616,1301.9600192980974,9.349876328385841,3.0,3,0,643.2220486398005
nominal,4,4,True,1077.486135401205,500,False,True,,0,0,189.43966480527178,1501.122136067205,9.671820172350877,3.0,3,0,615.7491745238799
nominal,5,5,True,1471.225141888525,500,False,True,,0,0,238.0547823520491,1517.54580763678,7.8624906175124245,3.0,3,0,575.7835680303216
nominal,6,6,True,1130.810741472329,500,False,True,,0,0,169.47250104090512,1220.4310786947087,9.038922540391575,3.0,3,0,667.1490915715931
nominal,7,7,True,1036.2181433337716,500,False,True,,0,0,131.60346677918486,1350.775112603177,8.029742932757683,3.0,3,0,681.5371380720559
nominal,8,8,True,1352.408461435804,500,False,True,,0,0,104.76200318072193,1352.408461435804,9.99651415665032,3.0,3,0,808.0359103178974
nominal,9,9,True,1433.2809249931704,500,False,True,,0,0,243.14142805167978,1433.2809249931704,9.593191880127755,3.0,3,0,588.4803249361121
nominal,10,10,True,1103.049116069751,500,False,True,,0,0,111.58877226532806,1103.049116069751,8.613890135604704,3.0,3,0,801.7454844254771
nominal,11,11,True,1232.8250350498865,500,False,True,,0,0,162.90754667734365,1232.8250350498865,8.047634556167223,3.0,2,0,729.8767323403505
nominal,12,12,True,1071.300176462684,500,False,True,,0,0,76.9115305171067,1071.300176462684,9.241392208940336,3.0,3,0,879.2665057652014
nominal,13,13,True,1424.668080694965,500,False,True,,0,0,239.24270123601733,1610.9859495144922,6.900651742248453,3.0,2,0,548.8434555418517
nominal,14,14,True,1470.1761947830587,500,False,True,,0,0,203.20470133098502,1490.4832628122103,8.936237456578791,3.0,4,0,620.4967031479327
nominal,15,15,True,1079.0063623823742,500,False,True,,0,0,202.87300529617164,1448.6503993939677,9.517965072538686,3.0,4,0,630.3707714389196
nominal,16,16,True,1223.3796268919616,500,False,True,,0,0,239.879242627201,1653.9139357490913,8.53998369641394,3.0,3,0,552.815281599201
nominal,17,17,True,1144.8126888822328,500,False,True,,0,0,147.77043473446784,1153.4402380622118,8.645532228895323,3.0,3,0,696.4843841011374
nominal,18,18,True,1098.9698020812605,500,False,True,,0,0,167.04864553464708,1174.9061108354654,7.919090160592575,3.0,4,0,695.7824449488112
nominal,19,19,True,1255.7458512466299,500,False,True,,0,0,241.69849575169098,1395.0185538375474,7.157459783098284,3.0,3,0,593.5701065997821
zero_action,0,1000000,True,1063.3550262025644,399,True,False,persistent_outage,25,54,43.08061967782541,1063.3550262025644,8.253166496561354,3.0,3,0,459.5194690636248
zero_action,1,1000001,True,1406.6234515819597,277,True,False,persistent_outage,25,0,128.39221155722834,1406.6234515819597,6.6217702167321555,3.0,1,0,259.8158161763052
zero_action,2,1000002,True,1373.863708762463,500,False,True,,0,73,41.31162550382147,1373.863708762463,9.944141125550802,3.0,4,0,620.0336498259254
zero_action,3,1000003,True,1419.126767021191,270,True,False,persistent_outage,25,0,202.3527846122214,1419.126767021191,7.731923972005812,3.0,1,0,243.39923209176936
zero_action,4,1000004,True,1000.3918903005635,240,True,False,persistent_outage,25,0,194.37020287508534,1242.1017734723387,7.985309776719258,3.0,2,0,247.51216612914465
zero_action,5,1000005,True,1138.5092473150075,264,True,False,persistent_outage,25,0,217.85367116601037,1445.628931953943,9.006433325779994,3.0,1,0,255.6325397915399
zero_action,6,1000006,True,1187.0261375254486,183,True,False,persistent_outage,25,0,236.40460321874767,1628.4980282013173,8.300298469946254,3.0,0,0,152.2709287295453
zero_action,7,1000007,True,1338.7652712911126,139,True,False,persistent_outage,25,0,139.6915518177209,1447.6525103107695,9.844872051460507,3.0,0,0,101.28664033937326
zero_action,8,1000008,True,1438.0786772757617,171,True,False,persistent_outage,25,0,116.84708448662337,1438.0786772757617,9.471541063975593,3.0,0,0,134.3654609586609
zero_action,9,1000009,True,1438.5812867590141,307,True,False,persistent_outage,25,75,38.070669197691,1438.5812867590141,8.382117641270515,3.0,2,0,291.934638933772
zero_action,10,1000010,True,1240.3335110013434,158,True,False,persistent_outage,25,0,244.39705076307638,1507.823894478291,9.467865906421542,3.0,0,0,124.87377061437402
zero_action,11,1000011,True,1053.2793684234452,219,True,False,persistent_outage,25,0,164.93716815545736,1146.2013235957056,9.302799545729899,3.0,1,0,219.71802046497677
zero_action,12,1000012,True,1139.488670677095,381,True,False,safety_violation,0,29,19.69087029022415,1139.488670677095,7.872494374237124,3.0,2,0,477.58756138890317
zero_action,13,1000013,True,1454.0798930773426,173,True,False,persistent_outage,25,0,285.0591132998347,1646.9918327683517,9.69985242991458,3.0,0,0,124.95521884720225
zero_action,14,1000014,True,1474.4501474108938,146,True,False,persistent_outage,25,0,207.6121330705859,1504.3832698989731,9.469947450428268,3.0,1,0,101.0267773420133
zero_action,15,1000015,True,1189.2650417231805,188,True,False,persistent_outage,25,0,234.4458165645848,1508.928069168864,9.268240435539647,3.0,1,0,162.90641017283642
zero_action,16,1000016,True,1375.7148948561473,259,True,False,persistent_outage,25,0,260.68793074875634,1375.7148948561473,9.469723076665693,3.0,2,0,231.5129564564425
zero_action,17,1000017,True,1164.892242439772,242,True,False,persistent_outage,25,0,143.27624516898496,1164.892242439772,9.1524555729616,3.0,1,0,242.9600144028896
zero_action,18,1000018,True,1212.0386049048977,303,True,False,persistent_outage,25,27,53.67680861295971,1212.0386049048977,9.79779418988046,3.0,2,0,318.82552926903634
zero_action,19,1000019,True,1269.6384113383476,193,True,False,persistent_outage,25,0,131.24908684790245,1269.6384113383476,9.305348053949213,3.0,0,0,173.34111778888717
random_stress,0,2000000,True,1318.505629531544,138,True,False,boundary_violation,0,0,149.78948115269395,1318.505629531544,9.037727666659737,3.0,0,0,157.6513903779079
random_stress,1,2000001,True,1146.5241925997127,210,True,False,persistent_outage,25,0,92.15007874683067,1146.5241925997127,9.898084113887487,3.0,2,0,206.5157204246505
random_stress,2,2000002,True,1437.060468951378,146,True,False,boundary_violation,0,0,239.24256438498,1437.060468951378,8.16377899143354,3.0,0,0,154.5005929720733
random_stress,3,2000003,True,1460.805921535989,160,True,False,persistent_outage,25,0,165.32278870344038,1679.8194536002704,8.508861737782578,3.0,0,0,110.79856706951634
random_stress,4,2000004,True,1499.5975861202987,243,True,False,boundary_violation,18,0,204.99447748842113,1499.5975861202987,9.461606303685043,3.0,2,0,210.42852806304865
random_stress,5,2000005,True,1138.8459167221376,137,True,False,boundary_violation,0,0,167.6433449140394,1138.8459167221376,9.21783762394941,3.0,0,0,183.60318998257688
random_stress,6,2000006,True,1220.9025691394006,134,True,False,boundary_violation,0,0,134.6467961069341,1278.602148194818,7.438120783209398,3.0,0,0,159.48715485039415
random_stress,7,2000007,True,1425.0843509743909,164,True,False,boundary_violation,8,0,164.322539025123,1425.0843509743909,9.229068819503334,3.0,1,0,163.47922516939184
random_stress,8,2000008,True,1428.0191440657647,236,True,False,persistent_outage,25,0,248.98836172285934,1659.631647328658,6.915636346257154,3.0,0,0,190.09358415385373
random_stress,9,2000009,True,1110.8419493920705,174,True,False,persistent_outage,25,0,80.10302467837185,1392.7676424096715,9.978481149457847,3.0,0,0,154.28735496455218
random_stress,10,2000010,True,1000.4006237536648,263,True,False,boundary_violation,0,0,145.9260443162,1162.916291641494,9.967755846859447,3.0,1,0,330.21663378462245
random_stress,11,2000011,True,1144.3615495322297,141,True,False,boundary_violation,0,0,165.8280429378992,1215.0671337242352,8.808369315472675,3.0,0,0,174.7657534969242
random_stress,12,2000012,True,1428.0288146143018,248,True,False,boundary_violation,6,0,87.39580722622696,1428.0288146143018,6.932451868978986,3.0,0,0,262.2097551793928
random_stress,13,2000013,True,1378.8536622774502,127,True,False,boundary_violation,0,0,196.26485507573688,1378.8536622774502,6.895838744291581,3.0,0,0,145.23720537681575
random_stress,14,2000014,True,1019.8432336327907,243,True,False,boundary_violation,0,0,184.8440735952711,1649.7378808752528,9.988314771330424,3.0,2,0,265.802477241648
random_stress,15,2000015,True,1174.449108656368,146,True,False,boundary_violation,0,0,62.802365038402364,1174.449108656368,9.181418606734807,3.0,0,0,186.61056383948585
random_stress,16,2000016,True,1023.6205032039609,161,True,False,boundary_violation,0,39,46.05937329374535,1023.6205032039609,7.870237829708456,3.0,0,0,212.76384914836024
random_stress,17,2000017,True,1062.0908724241444,233,True,False,persistent_outage,25,0,122.47243239680337,1062.0908724241444,9.316402068467942,3.0,2,0,246.92344065836977
random_stress,18,2000018,True,1355.896922795595,137,True,False,boundary_violation,0,0,98.80739020799172,1355.896922795595,8.247193459020872,3.0,0,0,162.1928192164511
random_stress,19,2000019,True,1072.54105323992,220,True,False,boundary_violation,23,0,119.4951310119018,1450.3611182748105,8.344572600708048,3.0,0,0,206.6182156859644
