mode,representation,dimension,name,count,min,mean,median,p1,p5,p95,p99,max,std,outside_unit_ratio,clipping_ratio
nominal,normalized,0,self_x,40000,0.20765760274443,0.5002558503997375,0.504609853241362,0.23771473305882454,0.2867993076421115,0.6977145297749,0.7806456122401717,0.8114345942186111,0.12515454280500007,0.0,0.0
nominal,normalized,1,self_y,40000,0.17842006333694702,0.511224792903724,0.5081305774761277,0.23625365312501131,0.30829127100999076,0.7303500252437669,0.7795789527366617,0.8452420486637944,0.1285881989015899,0.0,0.0
nominal,normalized,2,self_z,40000,-0.7005727664759818,0.0034539434472031067,0.016942414877266287,-0.6246248675958006,-0.5224257616550958,0.49430945373245494,0.5629207987274413,0.635492528870239,0.3107276235951033,0.0,0.0
nominal,normalized,3,self_vx,40000,-0.4290146129290255,0.025206226925404553,0.008539510282185983,-0.35923282374862386,-0.2580123726589854,0.3273642634805728,0.4085066379394415,0.478813559074016,0.17674053010259516,0.0,0.0
nominal,normalized,4,self_vy,40000,-0.4979173552373511,-0.02934272920992338,-0.025647163494463675,-0.4349994064484234,-0.36922910880489573,0.31743818114471967,0.3704323192507454,0.4135975927653129,0.21483772647490604,0.0,0.0
nominal,normalized,5,self_vz,40000,-0.5560966870117686,-0.002722163246002497,-0.0014261323618822823,-0.4781452426095747,-0.38392246123587687,0.3690288063810727,0.454825722824046,0.5655410963231776,0.21076251915286118,0.0,0.0
nominal,normalized,6,up_dx,40000,-0.149034093288272,-0.015123631574170989,-0.033276849567316615,-0.13874676728132432,-0.12738993837988583,0.12924807998209986,0.14200588384480228,0.15214839656120022,0.09180841326605503,0.0,0.0
nominal,normalized,7,up_dy,40000,-0.14952456649879184,0.008199288137044288,0.0018332065819253386,-0.14134058610315264,-0.11513845108327599,0.12933697592811416,0.1431971026818137,0.14777367517182644,0.07846927066536688,0.0,0.0
nominal,normalized,8,up_dz,40000,-0.17902256304897463,-0.005924359760595486,0.0011099514794476305,-0.1252593548707317,-0.10487567149427533,0.081314274860283,0.1161206800741958,0.1572211236502227,0.05545901369264059,0.0,0.0
nominal,normalized,9,up_dvx,40000,-0.241719528443676,-0.00616857061172384,-0.006556660309036344,-0.0844889668443746,-0.07174589642454744,0.057479941950424905,0.09339343740961263,0.16448049768521567,0.0402340782535271,0.0,0.0
nominal,normalized,10,up_dvy,40000,-0.23078202398223824,0.005839784241265616,0.006320094126831854,-0.10788741296529314,-0.07102530570965193,0.07988971691014343,0.10714772649932547,0.238876079156176,0.04804771094935745,0.0,0.0
nominal,normalized,11,up_dvz,40000,-0.3552027920320344,-0.003084329704468667,-0.001540594286929687,-0.17940932113990896,-0.08689535008437797,0.08548187973691874,0.17852199938810207,0.3362084406323163,0.05912590932153183,0.0,0.0
nominal,normalized,12,up_capacity,40000,0.45707727200850234,0.6610672202778194,0.6552855309698624,0.48818287851860775,0.5283371142920734,0.8872399265548436,0.9687612385944804,1.0,0.10214785045268478,0.0,0.0048828125
nominal,normalized,13,down_dx,40000,-0.1455570311413684,0.01577958930453268,0.03610770894327209,-0.13865106451472092,-0.12799980917354817,0.12663629495307088,0.1411505705560878,0.15917534152975657,0.09170600079826562,0.0,0.0
nominal,normalized,14,down_dy,40000,-0.15797823488287957,-0.008921760528479525,-0.0049767008839117464,-0.14540375379651374,-0.12934902413415728,0.1140365445083097,0.1423587058308301,0.14952456649879184,0.07818675164696362,0.0,0.0
nominal,normalized,15,down_dz,40000,-0.16677838032012063,0.005849063423702029,-0.0013763283265818417,-0.11481681893132731,-0.08100398443020808,0.09898335904007212,0.1239541564165259,0.18433909395057854,0.05522379829282665,0.0,0.0
nominal,normalized,16,down_dvx,40000,-0.1510565842535283,0.006902717024748725,0.005994098766787276,-0.07965822623841694,-0.05656420217771625,0.07220727226174624,0.10663088489490517,0.20678317031773216,0.039787493445370095,0.0,0.0
nominal,normalized,17,down_dvy,40000,-0.22531064422596936,-0.0062507686783211764,-0.006079683531490727,-0.11698148256588511,-0.08097131549551577,0.07039977789555814,0.11406409143662907,0.22497027379166218,0.04750514103830919,0.0,0.0
nominal,normalized,18,down_dvz,40000,-0.3423047869531273,0.002883889424343252,0.0018679316521691784,-0.20124344412343556,-0.09104990345352133,0.09320363335981469,0.2190365564191417,0.3494613422098453,0.06116651545817926,0.0,0.0
nominal,normalized,19,down_capacity,40000,0.44235892819551675,0.661978533786129,0.6538546538808319,0.4876669198182544,0.5258929629529407,0.8811221154944375,0.9609594738919363,1.0,0.10290043420427294,0.0,0.0029296875
nominal,normalized,20,safe_dx,40000,-0.29806738658317095,-0.007507650805431989,-0.042953332395654,-0.274930636684636,-0.25686389058749026,0.24817306916251847,0.27462896794907454,0.2980677639245072,0.18427818243099903,0.0,0.0
nominal,normalized,21,safe_dy,40000,-0.2967186454935314,-0.003520159777573138,-0.0048564785234067355,-0.28788144271271177,-0.2471026454484473,0.2467108219404094,0.2857035319401588,0.2935579452078119,0.15560279280030498,0.0,0.0
nominal,normalized,22,safe_dz,40000,-0.28449012384398986,-0.002075474529586829,0.0033277865745492364,-0.2411254164488136,-0.1800938683618169,0.16969732203423477,0.24456620074766774,0.30023527006076806,0.1068549715935298,0.0,0.0
nominal,normalized,23,safe_dvx,40000,-0.2418691463729476,0.0037544162700059083,0.002131795831065738,-0.15232950811560478,-0.1226053342077178,0.13952884857474546,0.15522196431445717,0.21829652755641607,0.07364779280413497,0.0,0.0
nominal,normalized,24,safe_dvy,40000,-0.22965769288647522,-0.0027517793993021705,-0.001068152938269984,-0.17844350262330905,-0.1483675521957414,0.14705193426474797,0.17737569564121508,0.20243034355660533,0.08644944826218894,0.0,0.0
nominal,normalized,25,safe_dvz,40000,-0.30394637189766965,-0.001217396222785317,-0.0009604407578029573,-0.22631162077755185,-0.13939784860597507,0.13865808784400135,0.22022493436797153,0.3637300442191164,0.08867300952371673,0.0,0.0
nominal,raw,0,self_x,40000,415.31520548886,1000.5117007994777,1009.2197064827241,475.4294661176491,573.598615284223,1395.4290595498,1561.2912244803433,1622.8691884372222,250.30908561001223,1.0,1.0
nominal,raw,1,self_y,40000,356.840126673894,1022.4495858074487,1016.2611549522554,472.5073062500226,616.5825420199815,1460.7000504875339,1559.1579054733234,1690.4840973275886,257.1763978031735,1.0,1.0
nominal,raw,2,self_z,40000,129.94272335240183,200.34539434471984,201.69424148772663,137.53751324041994,147.75742383449042,249.4309453732455,256.2920798727441,263.5492528870239,31.072762359518343,1.0,1.0
nominal,raw,3,self_vx,40000,-8.58029225858051,0.5041245385080919,0.17079020564371966,-7.184656474972477,-5.160247453179708,6.547285269611456,8.17013275878883,9.57627118148032,3.534810602051883,0.736328125,0.736328125
nominal,raw,4,self_vy,40000,-9.958347104747022,-0.586854584198472,-0.5129432698892735,-8.699988128968467,-7.384582176097915,6.348763622894393,7.408646385014907,8.271951855306257,4.296754529498134,0.816650390625,0.816650390625
nominal,raw,5,self_vz,40000,-3.3365801220706115,-0.016332979476015107,-0.008556794171293694,-2.868871455657448,-2.303534767415261,2.2141728382864363,2.728954336944276,3.393246577939066,1.2645751149171685,0.396240234375,0.396240234375
nominal,raw,6,up_dx,40000,-298.068186576544,-30.24726314834191,-66.55369913463323,-277.4935345626486,-254.77987675977164,258.4961599641997,284.01176768960454,304.29679312240046,183.61682653210937,0.999267578125,0.999267578125
nominal,raw,7,up_dy,40000,-299.0491329975837,16.398576274088555,3.6664131638506774,-282.6811722063053,-230.27690216655196,258.6739518562283,286.3942053636274,295.54735034365285,156.9385413307338,0.994140625,0.994140625
nominal,raw,8,up_dz,40000,-35.80451260979493,-1.1848719521191033,0.22199029588952612,-25.05187097414634,-20.975134298855068,16.2628549720566,23.22413601483916,31.44422473004454,11.091802738528143,0.929443359375,0.929443359375
nominal,raw,9,up_dvx,40000,-9.66878113774704,-0.24674282446895518,-0.26226641236145376,-3.3795586737749836,-2.8698358569818976,2.2991976780169963,3.7357374963845054,6.579219907408627,1.609363130141096,0.49658203125,0.49658203125
nominal,raw,10,up_dvy,40000,-9.23128095928953,0.23359136965062435,0.2528037650732742,-4.315496518611726,-2.8410122283860773,3.1955886764057375,4.285909059973019,9.55504316624704,1.9219084379742881,0.540283203125,0.540283203125
nominal,raw,11,up_dvz,40000,-4.262433504384413,-0.03701195645362403,-0.018487131443156245,-2.1529118536789076,-1.0427442010125356,1.025782556843025,2.1422639926572247,4.034501287587796,0.7095109118583797,0.105224609375,0.105224609375
nominal,raw,12,up_capacity,40000,27424636.32051014,39690474.9584624,39317131.85819174,29290972.711116467,31700226.857524402,53234395.59329062,58125674.31566882,70411652.23275447,6231114.084333355,1.0,1.0
nominal,raw,13,down_dx,40000,-291.11406228273677,31.55917860906531,72.21541788654417,-277.30212902944186,-255.99961834709632,253.27258990614177,282.30114111217557,318.35068305951313,183.41200159653064,0.99853515625,0.99853515625
nominal,raw,14,down_dy,40000,-315.95646976575915,-17.843521056958988,-9.953401767823493,-290.8075075930275,-258.69804826831455,228.0730890166194,284.7174116616602,299.0491329975837,156.37350329392746,0.992919921875,0.992919921875
nominal,raw,15,down_dz,40000,-33.355676064024124,1.1698126847404038,-0.2752656653163683,-22.96336378626546,-16.200796886041616,19.796671808014423,24.79083128330518,36.867818790115706,11.044759658565319,0.934814453125,0.934814453125
nominal,raw,16,down_dvx,40000,-6.042263370141132,0.2761086809899533,0.23976395067149103,-3.1863290495366776,-2.26256808710865,2.8882908904698494,4.265235395796207,8.271326812709287,1.5914997378148161,0.49462890625,0.49462890625
nominal,raw,17,down_dvy,40000,-9.012425769038774,-0.25003074713284557,-0.2431873412596291,-4.679259302635405,-3.238852619820631,2.8159911158223254,4.562563657465163,8.998810951666487,1.9002056415323445,0.532958984375,0.532958984375
nominal,raw,18,down_dvz,40000,-4.107657443437528,0.034606673092119095,0.02241517982603014,-2.414921329481227,-1.092598841442256,1.1184436003177762,2.6284386770297004,4.193536106518144,0.7339981854981503,0.1123046875,0.1123046875
nominal,raw,19,down_capacity,40000,26541535.691731006,39725606.40666946,39231279.23284991,29260015.189095262,31553577.777176443,52867326.92966625,57657568.433516175,63968751.80962316,6197585.30323121,1.0,1.0
nominal,raw,20,safe_dx,40000,-596.1347731663419,-15.015301610863995,-85.906664791308,-549.861273369272,-513.7277811749806,496.3461383250369,549.2579358981491,596.1355278490144,368.55636486199916,0.99951171875,0.99951171875
nominal,raw,21,safe_dy,40000,-593.4372909870627,-7.040319555146323,-9.712957046813472,-575.7628854254235,-494.20529089689455,493.4216438808188,571.4070638803175,587.1158904156239,311.20558560060846,0.9970703125,0.9970703125
nominal,raw,22,safe_dz,40000,-56.89802476879797,-0.4150949059173677,0.6655573149098473,-48.22508328976272,-36.01877367236338,33.93946440684695,48.91324014953355,60.04705401215361,21.370994318705954,0.9619140625,0.9619140625
nominal,raw,23,safe_dvx,40000,-9.674765854917904,0.15017665080023554,0.08527183324262952,-6.093180324624191,-4.904213368308712,5.581153942989818,6.208878572578287,8.731861102256643,2.9459117121653855,0.7333984375,0.7333984375
nominal,raw,24,safe_dvy,40000,-9.186307715459009,-0.11007117597208707,-0.04272611753079936,-7.137740104932361,-5.934702087829656,5.8820773705899185,7.095027825648604,8.097213742264213,3.457977930487577,0.6923828125,0.6923828125
nominal,raw,25,safe_dvz,40000,-3.647356462772036,-0.014608754673423931,-0.011525289093635488,-2.715739449330622,-1.6727741832717007,1.6638970541280163,2.6426992124156583,4.364760530629397,1.0640761142846067,0.3759765625,0.3759765625
random_stress,normalized,0,self_x,14644,0.12238907751555665,0.5048292251958247,0.5139447152949163,0.16555404825744888,0.31874103996213166,0.6930463968604212,0.7786308038087156,0.8235030676866897,0.12556170145622045,0.0,0.0
random_stress,normalized,1,self_y,14644,0.23587113405235233,0.48060202633758803,0.47084017167684455,0.25598736969106295,0.27335626861736084,0.685018016926418,0.7136272002153965,0.7331243957529435,0.1209188860942568,0.0,0.0
random_stress,normalized,2,self_z,14644,-0.9993709058843079,-0.010841156475031333,-0.03193478718090944,-0.8920692924632143,-0.6963235224918273,0.68033860655848,0.9096048551584005,0.9986785309282595,0.4013079751274933,0.0,0.0
random_stress,normalized,3,self_vx,14644,-0.39552070556053276,0.01395148177993882,0.005154196049231596,-0.2454833540044364,-0.1431785257767644,0.20770480056155788,0.3346530607079409,0.4948616616392368,0.10836264491839706,0.0,0.0
random_stress,normalized,4,self_vy,14644,-0.3192544721910675,0.007238162444150283,0.004830056373919852,-0.22663715507796994,-0.15787363494802534,0.16372465285172993,0.22445932277636227,0.30556513364545257,0.09424422367818922,0.0,0.0
random_stress,normalized,5,self_vz,14644,-0.8333333333333334,-0.004592419719750575,-0.011305493337910115,-0.7429225943427594,-0.5491280196120019,0.6397295982401124,0.866686765827846,1.0,0.3373019623926458,0.0,0.001953125
random_stress,normalized,6,up_dx,14644,-0.21607047451874462,0.0020063187179546666,0.003643978834323491,-0.18744514982567279,-0.1463323290830766,0.1397928848601357,0.16038048035584018,0.18966064375188102,0.09426443088320116,0.0,0.0
random_stress,normalized,7,up_dy,14644,-0.19070603417675933,-0.009229961463545868,-0.03793038049258683,-0.16585529957703227,-0.13927291175084813,0.1453930665702784,0.18552858644205208,0.20123192917955213,0.09506733050968652,0.0,0.0
random_stress,normalized,8,up_dz,14644,-0.843148280798463,0.013604292103454898,0.01944778603671409,-0.6959067074570142,-0.34721591502242943,0.3514451170435062,0.6622797817967523,0.8680423652887279,0.2153807736720721,0.0,0.0
random_stress,normalized,9,up_dvx,14644,-0.29854868949208535,-0.002993097476196053,0.001431806017481263,-0.23474632316528748,-0.17284816341895418,0.15762314607245503,0.2146744858204547,0.27581096417095036,0.09576005143380324,0.0,0.0
random_stress,normalized,10,up_dvy,14644,-0.3084312039766665,-0.01006873008493098,-0.00811714920368135,-0.2511778859599172,-0.1645511722076262,0.13986058733562962,0.26619398487562285,0.3148161148270917,0.09267052830414035,0.0,0.0
random_stress,normalized,11,up_dvz,14644,-0.7810742538428498,-0.01063576580935184,-0.006162607811406891,-0.5889754172350291,-0.4139270254059995,0.391590129942987,0.5374851836520761,0.7052261351804416,0.23660841892350942,0.0,0.0
random_stress,normalized,12,up_capacity,14644,0.32056543297396634,0.6185907987956508,0.6065728473705032,0.35046556559964653,0.4233370923240832,0.798167987430896,1.0,1.0,0.11846943370473385,0.0,0.015625
random_stress,normalized,13,down_dx,14644,-0.2480760780875416,-0.005323535419946428,-0.015714500273610838,-0.1800394283293332,-0.13709269292503767,0.15405055994765235,0.19672234320326584,0.22569130769610898,0.09763181485796286,0.0,0.0
random_stress,normalized,14,down_dy,14644,-0.2387346675589292,0.004918311657562325,0.03243327942401698,-0.17611746928077446,-0.14349326308815818,0.13644676202622047,0.19607155787058558,0.2219117465669607,0.09576251430876577,0.0,0.0
random_stress,normalized,15,down_dz,14644,-0.8680423652887279,-0.012897258095582056,-0.017222154542956503,-0.6115906668621228,-0.35553926148755777,0.34760073802119296,0.5577436113613787,0.843148280798463,0.21131906624413188,0.0,0.0
random_stress,normalized,16,down_dvx,14644,-0.34246068553818965,-0.0025440345378172817,-0.0018527250068468616,-0.24700403424820103,-0.18298388905908874,0.16666469492524533,0.19944157064248777,0.25730427123536537,0.09968112999888401,0.0,0.0
random_stress,normalized,17,down_dvy,14644,-0.2872632361691562,0.00034978192368743683,0.006725536684559094,-0.23834636509995763,-0.17157113839104232,0.15331634175735326,0.21037237462070535,0.2798178655498239,0.09079456570544897,0.0,0.0
random_stress,normalized,18,down_dvz,14644,-0.7052261351804416,0.009493159006786494,0.010615071279565439,-0.5729985107540053,-0.4104571423694215,0.39099355097870836,0.5625254668964538,0.7810742538428498,0.23800082420715216,0.0,0.0
random_stress,normalized,19,down_capacity,14644,0.2977987576081522,0.6085337349994652,0.6026508494665334,0.34923493547920187,0.41488646882513563,0.7756388435490843,0.8721404828826285,1.0,0.10965399107473855,0.0,0.0029296875
random_stress,normalized,20,safe_dx,14644,-0.319012701889777,-0.017623191012541853,-0.03191707496300205,-0.3002905863195032,-0.2513282524532752,0.2639046840151254,0.30380580052350287,0.38345871902667616,0.17283892333931125,0.0,0.0
random_stress,normalized,21,safe_dy,14644,-0.32413532952113083,0.004008270532594147,0.022509780767505105,-0.28887874173310496,-0.2722690773642006,0.2576904070539099,0.2796737346943352,0.2972174094403997,0.17168216265392874,0.0,0.0
random_stress,normalized,22,safe_dz,14644,-0.9035967433723354,-0.012333616058774468,-0.0109293134375595,-0.6789253916875299,-0.44877402487810314,0.39390950496615335,0.6893937410662846,0.9035967433723354,0.24043764955793637,0.0,0.0
random_stress,normalized,23,safe_dvx,14644,-0.2940511398032186,-0.003941221424142799,-0.002000666321672756,-0.24665509605540104,-0.2005057043563383,0.16032210784380427,0.22122231753777247,0.2940511398032186,0.09988319780938913,0.0,0.0
random_stress,normalized,24,safe_dvy,14644,-0.3223866797158972,-0.00613577270806449,-0.004062817970016714,-0.2682264633288952,-0.18838188891429639,0.1468872793487817,0.24494289652002088,0.27632582672681566,0.09710216533585059,0.0,0.0
random_stress,normalized,25,safe_dvz,14644,-0.8030458077499181,-0.013778985132583167,-0.015334856091165671,-0.5895150091979884,-0.4108786964137059,0.41859839903566104,0.6096111708628787,0.8030458077499181,0.24585976006858543,0.0,0.0
random_stress,raw,0,self_x,14644,244.7781550311133,1009.6584503916516,1027.8894305898325,331.10809651489774,637.4820799242633,1386.0927937208426,1557.2616076174313,1647.0061353733793,251.12340291243086,1.0,1.0
random_stress,raw,1,self_y,14644,471.74226810470464,961.20405267518,941.6803433536891,511.9747393821259,546.7125372347217,1370.036033852836,1427.2544004307929,1466.248791505887,241.83777218850005,1.0,1.0
random_stress,raw,2,self_z,14644,100.06290941156921,198.9158843524969,196.80652128190906,110.79307075367856,130.36764775081727,268.033860655848,290.96048551584005,299.86785309282595,40.1307975127489,1.0,1.0
random_stress,raw,3,self_vx,14644,-7.910414111210655,0.2790296355987764,0.10308392098463193,-4.909667080088728,-2.863570515535288,4.154096011231157,6.693061214158818,9.897233232784735,2.167252898367946,0.543701171875,0.543701171875
random_stress,raw,4,self_vy,14644,-6.38508944382135,0.14476324888300507,0.09660112747839704,-4.532743101559399,-3.1574726989605066,3.2744930570345985,4.489186455527245,6.111302672909051,1.8848844735637804,0.55908203125,0.55908203125
random_stress,raw,5,self_vz,14644,-5.0,-0.02755451831850267,-0.06783296002746068,-4.457535566056556,-3.294768117672011,3.8383775894406744,5.200120594967076,6.0,2.023811774355872,0.580322265625,0.580322265625
random_stress,raw,6,up_dx,14644,-432.14094903748924,4.012637435909323,7.287957668646982,-374.8902996513456,-292.66465816615323,279.5857697202714,320.76096071168035,379.32128750376205,188.52886176640234,0.9970703125,0.9970703125
random_stress,raw,7,up_dy,14644,-381.41206835351863,-18.45992292709161,-75.86076098517367,-331.71059915406454,-278.54582350169625,290.7861331405568,371.05717288410415,402.4638583591043,190.13466101937303,0.999267578125,0.999267578125
random_stress,raw,8,up_dz,14644,-168.62965615969262,2.720858420690985,3.8895572073428184,-139.18134149140283,-69.44318300448589,70.28902340870124,132.45595635935047,173.60847305774558,43.07615473441456,0.9794921875,0.9794921875
random_stress,raw,9,up_dvx,14644,-11.941947579683415,-0.11972389904784214,0.05727224069925052,-9.3898529266115,-6.913926536758167,6.304925842898202,8.586979432818188,11.032438566838014,3.830402057352119,0.712890625,0.712890625
random_stress,raw,10,up_dvy,14644,-12.337248159066661,-0.40274920339724496,-0.32468596814725403,-10.047115438396688,-6.582046888305047,5.594423493425185,10.647759395024915,12.59264459308367,3.706821132165619,0.720947265625,0.720947265625
random_stress,raw,11,up_dvz,14644,-9.372891046114198,-0.12762918971222115,-0.0739512937368827,-7.06770500682035,-4.967124304871994,4.699081559315844,6.449822203824913,8.4627136221653,2.839301027082124,0.677978515625,0.677978515625
random_stress,raw,12,up_capacity,14644,19233925.97843798,37219930.32541753,36394370.84223019,21027933.935978793,25400225.53944499,47890079.24585376,63319202.32234509,82037574.34860326,7518627.004661656,1.0,1.0
random_stress,raw,13,down_dx,14644,-496.1521561750832,-10.647070839893056,-31.429000547221676,-360.0788566586664,-274.18538585007536,308.1011198953047,393.4446864065317,451.382615392218,195.26362971592556,0.999267578125,0.999267578125
random_stress,raw,14,down_dy,14644,-477.4693351178584,9.83662331512457,64.86655884803395,-352.2349385615489,-286.9865261763164,272.89352405244097,392.1431157411712,443.8234931339214,191.52502861753158,0.9990234375,0.9990234375
random_stress,raw,15,down_dz,14644,-173.60847305774558,-2.5794516191164254,-3.4444309085913005,-122.31813337242457,-71.10785229751156,69.52014760423859,111.54872227227574,168.62965615969262,42.263813248826466,0.9794921875,0.9794921875
random_stress,raw,16,down_dvx,14644,-13.698427421527587,-0.10176138151269244,-0.07410900027387446,-9.880161369928041,-7.319355562363549,6.666587797009813,7.977662825699511,10.292170849414614,3.9872451999553498,0.70751953125,0.70751953125
random_stress,raw,17,down_dvy,14644,-11.49052944676625,0.013991276947498167,0.26902146738236377,-9.533854603998305,-6.862845535641693,6.132653670294131,8.414894984828214,11.192714621992955,3.6317826282179575,0.715087890625,0.715087890625
random_stress,raw,18,down_dvz,14644,-8.4627136221653,0.11391790808143812,0.12738085535478527,-6.875982129048064,-4.925485708433058,4.6919226117445,6.750305602757445,9.372891046114198,2.85600989048583,0.704345703125,0.704345703125
random_stress,raw,19,down_capacity,14644,17867925.456489135,36523171.08018183,36159050.967992,20954096.128752112,24893188.129508138,46538330.61294506,52328428.97295771,69177437.96768713,6622881.130896847,1.0,1.0
random_stress,raw,20,safe_dx,14644,-638.0254037795539,-35.24638202508381,-63.8341499260041,-600.5811726390065,-502.6565049065505,527.8093680302508,607.6116010470057,766.9174380533524,345.6778466786225,0.99951171875,0.99951171875
random_stress,raw,21,safe_dy,14644,-648.2706590422616,8.016541065188312,45.01956153501021,-577.7574834662099,-544.5381547284012,515.3808141078198,559.3474693886704,594.4348188807994,343.3643253078575,0.99755859375,0.99755859375
random_stress,raw,22,safe_dz,14644,-180.71934867446708,-2.466723211754898,-2.1858626875119,-135.78507833750598,-89.75480497562063,78.78190099323066,137.87874821325693,180.71934867446708,48.087529911587254,0.970703125,0.970703125
random_stress,raw,23,safe_dvx,14644,-11.762045592128745,-0.1576488569657128,-0.08002665286691024,-9.866203842216041,-8.020228174253532,6.412884313752171,8.848892701510898,11.762045592128745,3.995327912375547,0.740478515625,0.740478515625
random_stress,raw,24,safe_dvy,14644,-12.895467188635887,-0.24543090832257664,-0.1625127188006686,-10.729058533155808,-7.535275556571856,5.875491173951269,9.797715860800835,11.053033069072626,3.8840866134340266,0.6845703125,0.6845703125
random_stress,raw,25,safe_dvz,14644,-9.636549692999017,-0.165347821590999,-0.18401827309398805,-7.074180110375861,-4.930544356964471,5.023180788427933,7.3153340503545445,9.636549692999017,2.950317120823024,0.70654296875,0.70654296875
zero_action,normalized,0,self_x,20048,0.22770904106665615,0.49189176591692274,0.48419358398205997,0.22770904106665615,0.2884222252521341,0.6798664482489669,0.7297364106428189,0.732750554516388,0.12129612966557735,0.0,0.0
zero_action,normalized,1,self_y,20048,0.25379311872801985,0.49238878887402926,0.4987695656574735,0.2668694072002513,0.308726493564719,0.7147726912396944,0.7206848880841841,0.7408993083489144,0.11282041864167956,0.0,0.0
zero_action,normalized,2,self_z,20048,-0.7146031805791452,0.015677978459551975,0.04277186062672001,-0.7146031805791452,-0.49268213094111757,0.5162718183929548,0.5456279962055228,0.6239261262874453,0.3147748224504963,0.0,0.0
zero_action,normalized,3,self_vx,20048,0.0,0.0,0.0,0.0,0.0,0.0,0.0,0.0,0.0,0.0,0.0
zero_action,normalized,4,self_vy,20048,0.0,0.0,0.0,0.0,0.0,0.0,0.0,0.0,0.0,0.0,0.0
zero_action,normalized,5,self_vz,20048,0.0,0.0,0.0,0.0,0.0,0.0,0.0,0.0,0.0,0.0,0.0
zero_action,normalized,6,up_dx,20048,-0.20332420201502505,-0.010602870779040027,-0.045042327403587816,-0.1508369521601038,-0.13345095713616423,0.1433240257804049,0.17888949623525435,0.2676723534261699,0.09345797372054561,0.0,0.0
zero_action,normalized,7,up_dy,20048,-0.25802963608206053,-0.011349785164246893,-0.017378164282553142,-0.1844231397416795,-0.13718010714581721,0.13531035447833908,0.21500413302826463,0.25621063851723797,0.09454948848902239,0.0,0.0
zero_action,normalized,8,up_dz,20048,-0.36264638681715,0.01763810513919059,0.022907506932728836,-0.23443684447342847,-0.15093209815576172,0.13537919708712975,0.1984036722396631,0.32351251865782016,0.09040054810303207,0.0,0.0
zero_action,normalized,9,up_dvx,20048,-0.22968812665652277,0.010844828350794113,0.0,-0.1235308369195048,-0.06935365337153014,0.1673686227357249,0.23921741428133325,0.24580260728033934,0.06091397054803341,0.0,0.0
zero_action,normalized,10,up_dvy,20048,-0.2449195299513247,-0.003107635922989973,0.0,-0.24097034176904014,-0.18672559501253685,0.16196871242804523,0.23614828356890386,0.2467892736506511,0.08490440523296727,0.0,0.0
zero_action,normalized,11,up_dvz,20048,-0.25,-0.004421225515071286,0.0,-0.25,-0.12398499991855709,0.05047761794483228,0.25,0.25,0.07187491959857642,0.0,0.0
zero_action,normalized,12,up_capacity,20048,0.3105193504322442,0.622203141066318,0.6222793839576576,0.3433064661032018,0.4326413597547418,0.7427027033297776,0.949243020127852,1.0,0.09950826508580778,0.0,0.006591796875
zero_action,normalized,13,down_dx,20048,-0.2595185465623045,0.016738032980817157,0.04521296959449944,-0.18607221152278908,-0.1433240257804049,0.13643847487493202,0.18589642448169535,0.2348855480690619,0.09551636840413037,0.0,0.0
zero_action,normalized,14,down_dy,20048,-0.2505420438937626,0.018156606238290487,0.017378164282553142,-0.13531035447833908,-0.12739790933594525,0.14036616963836968,0.1832433110621672,0.2619442136603595,0.09106771016651752,0.0,0.0
zero_action,normalized,15,down_dz,20048,-0.34921855394541423,-0.015536569495073621,-0.02615710523776798,-0.28463554023326876,-0.11919517073292582,0.1307051201192408,0.2522396697292683,0.4671853090236509,0.09435446938046343,0.0,0.0
zero_action,normalized,16,down_dvx,20048,-0.22988483818869362,0.0009664446037963468,0.0,-0.16122676034611952,-0.11285532488027188,0.14957007614995116,0.2060058866777954,0.21856960243105927,0.06491290384931854,0.0,0.0
zero_action,normalized,17,down_dvy,20048,-0.2345612079324609,0.01076071370737208,0.0,-0.22855220786928956,-0.06619091235508492,0.17504218393165674,0.2044502505157479,0.21180799114545787,0.07042955083099563,0.0,0.0
zero_action,normalized,18,down_dvz,20048,-0.25,0.00221964010949529,0.0,-0.25,-0.008595100407454481,0.06690120380571708,0.25,0.25,0.06904597660711043,0.0,0.0
zero_action,normalized,19,down_capacity,20048,0.31342129605913943,0.623543060659476,0.6246676156869188,0.33971534433950484,0.42400458866720536,0.8044142512350847,1.0,1.0,0.10635849623518195,0.0,0.019287109375
zero_action,normalized,20,safe_dx,20048,-0.2889353100997236,-0.010610957685249209,-0.01873871730148511,-0.2875793698330861,-0.26640814783660666,0.26441867449291157,0.2882952887537991,0.2882952887537991,0.17544635389983415,0.0,0.0
zero_action,normalized,21,safe_dy,20048,-0.28063293811830753,-0.018963068962426225,-0.023084509707007896,-0.2735306648127239,-0.2649831293824506,0.25257157882435727,0.27034460232017143,0.2735306648127239,0.15909498291911675,0.0,0.0
zero_action,normalized,22,safe_dz,20048,-0.32926937638813414,0.0027912950493815636,-0.0024737733928695605,-0.2388361524074236,-0.2179228664041186,0.23295301393232776,0.3518058585195047,0.42075366233273187,0.13307342250502432,0.0,0.0
zero_action,normalized,23,safe_dvx,20048,-0.22968812665652277,0.008444679994517883,0.0,-0.14725588891504332,-0.10093789958055759,0.17744620538514125,0.24112078187395994,0.24580260728033934,0.06712306655713973,0.0,0.0
zero_action,normalized,24,safe_dvy,20048,-0.2449195299513247,0.004897311736531545,0.0,-0.22855220786929023,-0.1867255950125364,0.1918620030331074,0.24678927365065073,0.2467892736506511,0.08902632252026545,0.0,0.0
zero_action,normalized,25,safe_dvz,20048,-0.25,0.0008046445134758981,0.0,-0.25,-0.21144401105284763,0.2099622744301509,0.25,0.25,0.08151800154503436,0.0,0.0
zero_action,raw,0,self_x,20048,455.4180821333123,983.7835318338604,968.38716796412,455.4180821333123,576.8444505042683,1359.7328964979338,1459.4728212856378,1465.5011090327762,242.59225933127206,1.0,1.0
zero_action,raw,1,self_y,20048,507.5862374560397,984.7775777480094,997.539131314947,533.7388144005026,617.4529871294379,1429.545382479389,1441.3697761683682,1481.7986166978287,225.64083728371662,1.0,1.0
zero_action,raw,2,self_z,20048,128.53968194208548,201.5677978459724,204.277186062672,128.53968194208548,150.73178690588824,251.62718183929547,254.56279962055228,262.39261262874453,31.477482244924964,1.0,1.0
zero_action,raw,3,self_vx,20048,0.0,0.0,0.0,0.0,0.0,0.0,0.0,0.0,0.0,0.0,0.0
zero_action,raw,4,self_vy,20048,0.0,0.0,0.0,0.0,0.0,0.0,0.0,0.0,0.0,0.0,0.0
zero_action,raw,5,self_vz,20048,0.0,0.0,0.0,0.0,0.0,0.0,0.0,0.0,0.0,0.0,0.0
zero_action,raw,6,up_dx,20048,-406.6484040300501,-21.205741558080533,-90.08465480717564,-301.67390432020755,-266.90191427232844,286.6480515608098,357.7789924705087,535.3447068523399,186.91594744110208,0.998779296875,0.998779296875
zero_action,raw,7,up_dy,20048,-516.059272164121,-22.69957032849408,-34.75632856510629,-368.846279483359,-274.3602142916344,270.6207089566782,430.00826605652924,512.4212770344759,189.09897697803896,0.999755859375,0.999755859375
zero_action,raw,8,up_dz,20048,-72.52927736343,3.527621027837982,4.581501386545767,-46.88736889468569,-30.186419631152347,27.075839417425954,39.68073444793262,64.70250373156404,18.080109620605445,0.927978515625,0.927978515625
zero_action,raw,9,up_dvx,20048,-9.18752506626091,0.43379313403177266,0.0,-4.941233476780192,-2.7741461348612058,6.694744909428995,9.56869657125333,9.832104291213573,2.4365588219213663,0.2275390625,0.2275390625
zero_action,raw,10,up_dvy,20048,-9.796781198052988,-0.12430543691958999,0.0,-9.638813670761605,-7.469023800501474,6.478748497121809,9.445931342756154,9.871570946026043,3.3961762093187056,0.229736328125,0.229736328125
zero_action,raw,11,up_dvz,20048,-3.0,-0.05305470618085543,0.0,-3.0,-1.487819999022685,0.6057314153379874,3.0,3.0,0.862499035182917,0.09912109375,0.09912109375
zero_action,raw,12,up_capacity,20048,18631161.02593465,37410053.755595125,37336763.037459455,20598387.966192108,25958481.58528451,44562162.199786656,56954581.20767112,79886872.59825963,6336863.9585522115,1.0,1.0
zero_action,raw,13,down_dx,20048,-519.037093124609,33.476065961633815,90.42593918899888,-372.14442304557815,-286.6480515608098,272.876949749864,371.7928489633907,469.77109613812377,191.03273680827007,0.9990234375,0.9990234375
zero_action,raw,14,down_dy,20048,-501.0840877875253,36.313212476585605,34.75632856510629,-270.6207089566782,-254.79581867189052,280.73233927673937,366.4866221243344,523.8884273207191,182.13542033302966,0.999267578125,0.999267578125
zero_action,raw,15,down_dz,20048,-69.84371078908285,-3.107313899014663,-5.231421047553596,-56.92710804665376,-23.839034146585163,26.14102402384816,50.44793394585366,93.43706180473018,18.87089387609142,0.92333984375,0.92333984375
zero_action,raw,16,down_dvx,20048,-9.195393527547745,0.038657784151850845,0.0,-6.4490704138447805,-4.514212995210875,5.982803045998047,8.240235467111816,8.742784097242371,2.596516153972786,0.2138671875,0.2138671875
zero_action,raw,17,down_dvy,20048,-9.382448317298437,0.43042854829487187,0.0,-9.142088314771582,-2.647636494203397,7.0016873572662695,8.178010020629916,8.472319645818315,2.8171820332397863,0.210205078125,0.210205078125
zero_action,raw,18,down_dvz,20048,-3.0,0.026635681313943713,0.0,-3.0,-0.10314120488945377,0.802814445668605,3.0,3.0,0.828551719285324,0.08642578125,0.08642578125
zero_action,raw,19,down_capacity,20048,18805277.763548367,37600315.16238185,37480056.94121513,20382920.66037029,25440275.32003232,48264855.074105084,68282057.18366748,102464109.16166416,7232349.953812765,1.0,1.0
zero_action,raw,20,safe_dx,20048,-577.8706201994472,-21.22191537049785,-37.47743460297022,-575.1587396661721,-532.8162956732133,528.8373489858232,576.5905775075983,576.5905775075983,350.892707799681,0.999267578125,0.999267578125
zero_action,raw,21,safe_dy,20048,-561.2658762366151,-37.926137924849435,-46.16901941401579,-547.0613296254478,-529.9662587649012,505.1431576487146,540.6892046403428,547.0613296254478,318.1899658382165,0.999755859375,0.999755859375
zero_action,raw,22,safe_dz,20048,-65.85387527762683,0.5582590098762991,-0.4947546785739121,-47.76723048148472,-43.58457328082372,46.59060278646555,70.36117170390094,84.15073246654637,26.614684501005748,0.96826171875,0.96826171875
zero_action,raw,23,safe_dvx,20048,-9.18752506626091,0.33778719978072275,0.0,-5.890235556601733,-4.0375159832223035,7.09784821540565,9.644831274958397,9.832104291213573,2.684922662285664,0.268310546875,0.268310546875
zero_action,raw,24,safe_dvy,20048,-9.796781198052988,0.19589246946125102,0.0,-9.142088314771609,-7.469023800501456,7.674480121324296,9.87157094602603,9.871570946026043,3.561052900810651,0.29541015625,0.29541015625
zero_action,raw,25,safe_dvz,20048,-3.0,0.009655734161710894,0.0,-3.0,-2.5373281326341717,2.5195472931618106,3.0,3.0,0.9782160185404147,0.138427734375,0.138427734375
