mode,hop,metric,count,min,mean,median,p1,p5,p95,p99,max,std
nominal,H->R1,antenna_gain_db,10000,-0.19616968555620393,-0.015907110840014674,-0.005280194078097594,-0.13874078673011195,-0.07325405778252302,-4.6727623080354505e-05,-1.7598719172607548e-06,-1.5768605589744702e-09,0.02625930957222763
nominal,H->R1,antenna_gain_linear,10000,0.9558352251977861,0.9963620522498889,0.9987849291798359,0.9685586438727792,0.9832740874865775,0.9999892406250489,0.9999995947745979,0.9999999996369144,0.0059687034924887
nominal,H->R1,capacity_mbps,10000,27.424636320510142,39.8231183907492,38.66223073362728,28.52727181788634,31.358917998356997,53.61979639427403,66.10469257316761,70.50887103423067,7.038943123091688
nominal,H->R1,distance_m,10000,76.9115305171067,239.27921400900482,241.7416302536049,90.30797163928628,140.42679115835926,319.2290723406334,356.2271446820725,373.31004215061193,54.91309775648693
nominal,H->R1,elevation_angle_deg,10000,0.001091759772507399,2.6231190678482768,1.9988459926213313,0.03647295851508195,0.18793900896197235,7.430802161342153,10.213527659743859,12.131387099569222,2.261865575924288
nominal,H->R1,height_difference_abs_m,10000,0.005126111488408469,10.18076488269202,8.474654781753514,0.17451523590224838,0.6612218316111012,26.31600980562149,32.8368008386943,35.80451260979493,7.918192497790779
nominal,H->R1,horizontal_distance_m,10000,76.13832006652657,238.9037125680232,241.54611422789276,89.98977815082796,140.23697567750315,319.1185394665016,355.42386739453804,373.05805799067804,55.033271183597705
nominal,H->R1,snr_db,10000,7.55274159293803,11.671417663086826,11.329981047622857,7.9404487773344,8.91547184019136,16.034261111340246,19.85482010634832,21.192407653208868,2.2412686193935936
nominal,H->R1,snr_linear,10000,5.692121469065105,17.350282791803362,13.583075189934085,6.223645937672846,7.790174464773095,40.12602238857319,96.71236655812235,131.595417215333,13.956218944369706
nominal,R1->R2,antenna_gain_db,10000,-0.09014565163615443,-0.010113932314744145,-0.004332828789133256,-0.07603036549704296,-0.039592578566531596,-2.6207699752013856e-05,-1.1325903785606124e-06,-1.2054093331916256e-13,0.015392256864425583
nominal,R1->R2,antenna_gain_linear,10000,0.9794571362861245,0.9976801369423738,0.999002826809912,0.9826457122311183,0.9909249014289621,0.9999939654723308,0.9999997392114618,0.9999999999999722,0.0035192839132669033
nominal,R1->R2,capacity_mbps,10000,28.01587268522405,39.65097597524351,39.37605680385195,29.124474450279717,31.805135192587464,53.11010529978726,56.28363567164415,60.406120876131396,5.950006904336531
nominal,R1->R2,distance_m,10000,110.18596313563755,238.89894942425428,235.41615626079366,127.60841392538234,143.0419571729251,313.7712397104781,348.1034967219415,364.36078741530247,48.72348115781173
nominal,R1->R2,elevation_angle_deg,10000,9.529521287419672e-06,2.1565160826146865,1.8121095482540568,0.029259500063552563,0.14074880319290248,5.466475200313742,7.569901796173896,8.240458863486236,1.727619187312441
nominal,R1->R2,height_difference_abs_m,10000,3.322113354897738e-05,8.473372665323215,7.57479992891416,0.13764534379367888,0.5780007737545532,21.405903745997705,24.60984813147968,25.090656834289405,6.184185950819936
nominal,R1->R2,horizontal_distance_m,10000,109.68094933277304,238.65248854535218,235.30847941440197,127.1970205406569,142.96187373460793,313.7353012142404,347.67024481960436,364.0206620997817,48.80197908957184
nominal,R1->R2,snr_db,10000,7.761249648401502,11.623708311604586,11.560271657452162,8.14842914604945,9.066742412702496,15.87693495007354,16.85436634037082,18.117573128487756,1.903411612867995
nominal,R1->R2,snr_linear,10000,5.972071035358945,16.18689215395691,14.322774874908639,6.528943564199072,8.066297606201415,38.69844327782789,48.465939298375794,64.82720728110453,8.802522817676335
nominal,R2->R3,antenna_gain_db,10000,-0.09014546542006216,-0.010128360137955178,-0.004038320086616653,-0.076028386462246,-0.04034108324885238,-3.090716524978268e-05,-1.460702222952788e-06,-2.384936117246412e-10,0.015594798769111745
nominal,R2->R3,antenna_gain_linear,10000,0.9794571782831316,0.9976769877736142,0.999070574620359,0.982646160012654,0.990754130662522,0.9999928833875261,0.9999996636609402,0.9999999999450848,0.0035653972581528486
nominal,R2->R3,capacity_mbps,10000,28.01588674232306,39.655791826468736,39.35350673616464,29.12447643800067,31.80735101272287,53.110113511212035,56.28372721414426,60.406102008884595,5.953143380200244
nominal,R2->R3,distance_m,10000,110.18603447354363,238.8641902527741,235.61331582263762,127.60800818254113,143.04132087903886,313.74459373783793,348.101965655244,364.36055848607265,48.763190948478766
nominal,R2->R3,elevation_angle_deg,10000,0.0004245887318794671,2.1474905851122235,1.7487857165789036,0.033228543829299385,0.15284801614878638,5.517826327842989,7.569803562657289,8.24045038168709,1.7419039826541598
nominal,R2->R3,height_difference_abs_m,10000,0.0017180947731390006,8.448019918633683,7.506496806807576,0.1349259370360869,0.5674656897578529,21.30408687645925,24.716453557566524,27.111054702669662,6.260389898292741
nominal,R2->R3,horizontal_distance_m,10000,109.6810185291632,238.6170171320605,235.40843433905002,127.19662354480832,142.92783392601146,313.7090939736841,347.670219173913,364.020438284719,48.8396129117043
nominal,R2->R3,snr_db,10000,7.761254588575882,11.625223636778008,11.553009066435463,8.148429836060922,9.067492127136239,15.876937485834254,16.854394465993053,18.117567361269,1.9044813746715874
nominal,R2->R3,snr_linear,10000,5.972077828696263,16.193402418608354,14.298843295389785,6.528944601524321,8.06769019625302,38.698465873100204,48.46625317275615,64.82712119379444,8.803543355197222
nominal,R3->R4,antenna_gain_db,10000,-0.09014586652720277,-0.010178205425345954,-0.004192225682570277,-0.07603026802179587,-0.04026719982613552,-3.584199015900002e-05,-2.167257190071262e-06,-4.6150687464012683e-10,0.015514376779389856
nominal,R3->R4,antenna_gain_linear,10000,0.9794570878221043,0.997665471603593,0.9990351701116439,0.9826457342861152,0.9907709857992899,0.9999917471108309,0.9999995009707147,0.9999999998937341,0.0035472728353515806
nominal,R3->R4,capacity_mbps,10000,28.015883002878258,39.65260802364337,39.3686545444208,29.124475906942617,31.80718013771059,53.11018159526692,56.28368818321533,60.40611129144341,5.9492477255273855
nominal,R3->R4,distance_m,10000,110.18599770470765,238.88189124409212,235.51590222582453,127.60818728959795,143.0421306118412,313.7461458660652,348.10239171522954,364.3606249527198,48.72168651123646
nominal,R3->R4,elevation_angle_deg,10000,0.0005906354670085157,2.160897926378825,1.7820682998284336,0.04047489072461256,0.16459863760423832,5.5127789674815375,7.569896957817023,8.24046865136575,1.7361412052097691
nominal,R3->R4,height_difference_abs_m,10000,0.002655692380955088,8.48892434232768,7.540365068615671,0.18474938877116642,0.6319226220271617,21.686066983888935,24.67982126108447,26.088062518550345,6.220349859048467
nominal,R3->R4,horizontal_distance_m,10000,109.68098115819797,238.63384154941514,235.40898382696014,127.19680499387371,142.93915796803515,313.7101097843109,347.6702282240901,364.0205089758933,48.80057150652277
nominal,R3->R4,snr_db,10000,7.761253274399445,11.624238475268447,11.557887735077415,8.148429651711028,9.067434312724513,15.876958510792134,16.854382474086343,18.11757019870194,1.9031843624016076
nominal,R3->R4,snr_linear,10000,5.97207602154395,16.18827734911943,14.314914997477732,6.5289443243828265,8.067582797776293,38.698653219617,48.46611934605366,64.82716354815922,8.801491973816788
nominal,R4->L,antenna_gain_db,10000,-0.25048028558657986,-0.016696777630357547,-0.0062172655505904435,-0.16576031949101147,-0.06885822008530679,-5.351811654661351e-05,-1.6960822225467537e-06,-1.3196049918008972e-10,0.029341452954573428
nominal,R4->L,antenna_gain_linear,10000,0.943956478514413,0.9961853428133877,0.9985694459218052,0.9625514843018625,0.984269840759149,0.9999876770741913,0.999999609462712,0.999999999969615,0.006642802335529587
nominal,R4->L,capacity_mbps,10000,26.541535691731006,39.96530624375146,38.66675517490001,27.74866743467941,30.786234054523153,52.394222747037276,61.619231618299885,64.31557946766745,6.916791903218825
nominal,R4->L,distance_m,10000,94.34848427430136,238.01810001037032,241.58818287554456,105.72664943759409,146.66702824318907,326.3573163719737,368.50601946760264,386.8025905380981,55.88295621060154
nominal,R4->L,elevation_angle_deg,10000,0.00031582942942802217,2.7182680230524587,2.1700641073785882,0.03580584386971566,0.20113166152001521,7.205006939791142,11.15805655098669,13.693924810853204,2.2801356951982945
nominal,R4->L,height_difference_abs_m,10000,0.0013505753870219905,10.345110803440015,8.942340654660057,0.15733126781839246,0.8234209051811376,24.524113091916064,32.580783174352405,36.867818790115706,7.422506463273714
nominal,R4->L,horizontal_distance_m,10000,92.25403669068467,237.6388552359785,241.19372706049492,105.37854057602675,146.20162175975878,325.9251064524942,367.8167889222478,386.2923780307879,56.046233502202114
nominal,R4->L,snr_db,10000,7.238470650831625,11.716896208063051,11.33144329457579,7.667197200852341,8.720443016718233,15.655719840020957,18.488155327096926,19.310310465434405,2.209690081235248
nominal,R4->L,snr_linear,10000,5.29476958045803,17.217211704454066,13.587649310765721,5.844128008871037,7.448079466749532,36.77663453373875,70.60176084342586,85.31611020282014,11.39087919620703
random_stress,H->R1,antenna_gain_db,3661,-14.440992312131533,-0.2745746058358474,-0.02879703077805858,-3.605360213935347,-1.6510402507630417,-0.00040095129960761425,-1.948424762375497e-05,-1.8185115752045906e-08,0.8850826961871089
random_stress,H->R1,antenna_gain_linear,3661,0.03596671460273348,0.9521803065578718,0.9933911736103578,0.4359774015219211,0.6837478518741585,0.9999076818130368,0.9999955135962513,0.9999999958127224,0.11963769340693581
random_stress,H->R1,capacity_mbps,3661,19.184332135527644,37.56624979264512,35.12361347854298,20.11889438282016,22.19193254340636,61.17504625990854,73.14248247760396,82.03757434860326,11.554724799704601
random_stress,H->R1,distance_m,3661,46.05937329374535,271.24927797721483,272.05723658536283,59.2232438970138,102.03695199852193,462.81694987997366,510.38375830117093,534.2552149186639,107.51458581524268
random_stress,H->R1,elevation_angle_deg,3661,0.0037075627919196568,8.382525746122703,4.6629883488621955,0.12135904062078182,0.5505198061020624,34.21937324207175,48.67832314558101,79.06770344524196,10.721919413623453
random_stress,H->R1,height_difference_abs_m,3661,0.01471246158510553,29.815948881697402,20.860668479768208,0.5909382087416191,2.529712922925512,85.5260657776798,149.07248449485192,166.80875169975894,28.951890391413873
random_stress,H->R1,horizontal_distance_m,3661,12.34402084674847,266.72613758511864,271.3574306332505,41.545812231013706,99.87263333639785,459.78121655615547,508.44714682854647,534.2347333347378,110.7498159373441
random_stress,H->R1,snr_db,3661,4.440640250192564,10.863272931251228,10.174950944792172,4.818868334119037,5.630453654575307,18.352518421424996,21.990706809321093,24.681015460761053,3.744281520261492
random_stress,H->R1,snr_linear,3661,2.7801230917890316,19.501946420785224,10.411063478661168,3.033100728870137,3.656329828449959,68.43083544252484,158.15054065297002,293.8336609049634,29.34637268487744
random_stress,R1->R2,antenna_gain_db,3661,-2.7761299488888636,-0.15164613886667225,-0.028897186872443897,-1.884763308303429,-0.7865707292579587,-0.0001736243222240273,-9.472384397890356e-06,-7.766808177533671e-09,0.3530980517631546
random_stress,R1->R2,antenna_gain_linear,3661,0.5276998917782043,0.9685619358617764,0.9933682644929172,0.647923406311799,0.8343397348980239,0.9999600223215153,0.9999978189052676,0.9999999982116263,0.06747384876465808
random_stress,R1->R2,capacity_mbps,3661,20.264597984666175,36.81724538590268,36.68688983712598,21.097185209135283,25.738143492588033,44.58477669985899,49.87985378761762,52.21131606998301,5.908482801779611
random_stress,R1->R2,distance_m,3661,119.4951310119018,262.92848698178557,256.6527120689479,138.75154862354813,182.08858336509687,394.74717058176464,464.3671788017007,490.63892651974226,63.9551316290068
random_stress,R1->R2,elevation_angle_deg,3661,0.0024229907888451098,7.199848121455242,4.671081269889398,0.08461747362539235,0.3622716186817867,24.017386356759893,36.39583854860444,43.41210015393442,7.655978029384768
random_stress,R1->R2,height_difference_abs_m,3661,0.009160149868080225,31.7515735337645,20.765187207939192,0.34416091634426493,1.7092532424010756,103.09491648809663,148.93052793535907,171.9707925087132,32.28272029043695
random_stress,R1->R2,horizontal_distance_m,3661,96.5290526996088,259.0097370945562,253.7035331266792,119.75387023781673,170.87160321569317,388.1843564749374,438.15902385198893,473.5640117261098,63.91609943670548
random_stress,R1->R2,snr_db,3661,4.877093760186389,10.692554507436984,10.688172521495405,5.206237905719798,6.9493976761738505,13.219184482114901,14.87627759769598,15.59915249458729,1.9632092612155903
random_stress,R1->R2,snr_linear,3661,3.074039021042785,12.897288613077087,11.71702218321217,3.3160707706814376,4.953814814902769,20.985457818371547,30.73461376215562,36.30072086950803,5.4881872756530345
random_stress,R2->R3,antenna_gain_db,3661,-1.4733143192357883,-0.11725596688917282,-0.021050851759925174,-1.0241434829257927,-0.6436303521325941,-0.00017855539778508309,-1.0360432299746799e-05,-4.3492915356377546e-08,0.22542219786541243
random_stress,R2->R3,antenna_gain_linear,3661,0.7123092237186998,0.974611827380839,0.9951645906690407,0.7899246232449756,0.8622574686204929,0.9999588869454434,0.9999976144251485,0.9999999899853862,0.047066805026153805
random_stress,R2->R3,capacity_mbps,3661,24.36896365084787,37.081785052597155,36.552927949154636,26.06814758086256,29.626296109308544,43.891216624192325,55.82819088737917,69.60002864724085,5.311488938105982
random_stress,R2->R3,distance_m,3661,80.10302467837185,258.17874741166094,258.9190355994214,130.04011584804178,196.40526599770854,330.98235309345137,364.18898961165723,412.2025011100063,45.578675202902744
random_stress,R2->R3,elevation_angle_deg,3661,0.005733762986470608,6.453181114843213,3.9874006499275043,0.08849512132640877,0.36737997527268473,21.785744361702214,27.280029930277937,32.43674261427626,6.71863188689279
random_stress,R2->R3,height_difference_abs_m,3661,0.024789184428016142,29.761114784610843,18.878123164462437,0.35552473301189025,1.6041572061343174,101.54929697899685,157.61751084222973,174.8452909972388,33.4728829110023
random_stress,R2->R3,horizontal_distance_m,3661,80.00763829724555,254.5458667505049,253.77422255800064,129.9792837282096,192.88155450472306,320.7290491537865,356.86991319453347,411.0922287686743,43.97641555360755
random_stress,R2->R3,snr_db,3661,6.449067189778297,10.792615852613515,10.644386863039845,7.068519535872239,8.322172905468468,13.000198189662115,16.71438887889718,20.91667240626456,1.7209065407615292
random_stress,R2->R3,snr_linear,3661,4.414756137296804,13.204255984627665,11.599484430635597,5.091572751201995,6.7954354357977556,19.953533705552577,46.92873935037833,123.50008048527697,8.40382583558487
random_stress,R3->R4,antenna_gain_db,3661,-4.3727281615460365,-0.13459271625685612,-0.039296836197088694,-2.114399091032111,-0.48155060538978245,-0.0005132283496747537,-5.0516682208240984e-05,-1.7833491064850079e-09,0.36952461860679875
random_stress,R3->R4,antenna_gain_linear,3661,0.3653652035147357,0.972394689347794,0.990992382934935,0.6145540582287867,0.8950451414997864,0.999881831787687,0.9999883681717102,0.9999999995893687,0.0631563242954366
random_stress,R3->R4,capacity_mbps,3661,21.885193327174925,37.33357381857605,37.89659275577913,24.076003022494525,27.981756492229692,45.88314569512763,47.16666323617282,47.663696452338534,5.618120400089432
random_stress,R3->R4,distance_m,3661,171.50941034189873,257.0431263570598,245.54293168690282,172.9629702069752,185.20468780582019,361.3546736547301,410.22022460642006,442.0857848790692,56.72269206856384
random_stress,R3->R4,elevation_angle_deg,3661,0.0011610438928631283,7.093625387522987,5.4460515408294095,0.19541030634718523,0.622847203400373,18.90302530996024,38.37771573405126,52.810404004976014,6.864638419869651
random_stress,R3->R4,height_difference_abs_m,3661,0.006900365647766193,31.236931371956885,24.30288166758291,0.8135151310271453,2.6063231100056328,92.3187066286425,139.93761883571872,158.87765478680194,28.72512024698487
random_stress,R3->R4,horizontal_distance_m,3661,120.54923875545772,253.4910900492691,244.99126634777903,147.93407195821268,174.5810265584516,357.1554919792645,393.08117079582394,413.65559601902146,56.833277697224894
random_stress,R3->R4,snr_db,3661,5.512516057138036,10.86743947008894,11.082039496773417,6.34064984445521,7.749257603694371,13.62780728881611,14.03018953302234,14.185622107751435,1.8487360450088361
random_stress,R3->R4,snr_linear,3661,3.55837410978628,13.30213849067366,12.829329212489618,4.305910359622272,5.9556032791809645,23.055828281515645,25.29408381443966,26.21574540767217,5.314623966975967
random_stress,R4->L,antenna_gain_db,3661,-1.6914359571028725,-0.11155294859552406,-0.021748644780723407,-1.2948789818739908,-0.5547808028703158,-0.0002736466539949457,-1.341624262586832e-05,-7.894331799810659e-10,0.22966191054154023
random_stress,R4->L,antenna_gain_linear,3661,0.6774174883503097,0.9759167308691553,0.995004707651704,0.7421848787688151,0.8800795299442148,0.9999369925144314,0.9999969108007442,0.9999999998182263,0.046785650553801135
random_stress,R4->L,capacity_mbps,3661,17.76174558451283,34.75103168222869,34.2216655842804,19.434380225243483,21.860056852691137,50.79550007741035,60.44500191021003,61.671735209765,8.849287391518251
random_stress,R4->L,distance_m,3661,87.39580722622696,296.00857469006996,285.312354661652,95.38119769953015,149.39881826165407,471.04251841123966,522.3832840720378,572.2162831973778,96.44287260201638
random_stress,R4->L,elevation_angle_deg,3661,0.000772481567406256,6.459897947405998,4.052894724816894,0.10070379027863577,0.4548029442006903,20.260888868195654,30.51440555578546,34.60833458722802,6.382056141670348
random_stress,R4->L,height_difference_abs_m,3661,0.0036584807177177936,29.035345464151177,21.185526811284745,0.5273658923532594,2.4883794614964074,81.68200652226392,104.53435258425989,117.00117705442938,24.60102700228816
random_stress,R4->L,horizontal_distance_m,3661,71.96391112453689,293.32122889137895,284.84594040371854,82.33073522443505,143.65065115478745,469.2037952666433,519.4996480744622,572.1254902260215,97.14267255761777
random_stress,R4->L,snr_db,3661,3.8474174676645,9.96352794308267,9.876442060347335,4.542671385811235,5.502820363030956,15.160595534710398,18.12945778618977,18.504183933883663,2.935050289717244
random_stress,R4->L,snr_linear,3661,2.4251675402284243,12.718611088032548,9.719506309682632,2.846211300195038,3.550438843497618,32.81402868997969,65.00485271446456,70.86281383424055,10.809249741279709
zero_action,H->R1,antenna_gain_db,5012,-19.22084886169776,-0.15116795648984116,-0.0326533498980175,-1.947915301066367,-0.32752622475398285,-0.0005856517887306226,-7.197908835904267e-05,-4.8688839092535635e-08,0.898724665069284
zero_action,H->R1,antenna_gain_linear,5012,0.011965066420987729,0.9758775585937948,0.9925094831343243,0.6385699387635416,0.9273579032614045,0.9998651577841873,0.9999834263397583,0.9999999887889806,0.07925939071459236
zero_action,H->R1,capacity_mbps,5012,18.558203709266138,36.50012926460092,35.41929404956404,19.33325782495522,21.18916621253012,56.935199917713376,72.27777192810271,79.88687259825963,11.425441138989013
zero_action,H->R1,distance_m,5012,41.31162550382147,286.59393901825143,271.9064524720234,55.93937780039043,118.60114024846378,485.7635969530992,528.4177278035074,547.4222708801622,112.86070590111811
zero_action,H->R1,elevation_angle_deg,5012,0.006066597521526686,6.4171317503483865,4.966105737639556,0.23325612032056509,0.6653426036326516,15.635823758066836,36.955211213949184,83.72013837129093,7.344681036752327
zero_action,H->R1,height_difference_abs_m,5012,0.035035458063333635,25.24666999942155,26.549920125930498,1.0344829023088948,3.517721971646182,62.80273270002269,70.49580261379384,72.52927736343,16.03544581803072
zero_action,H->R1,horizontal_distance_m,5012,4.518869926713914,284.6447726020489,270.49756751209947,51.574850953779524,113.85808630221089,484.3928709422024,525.8070342674546,547.285035324761,113.82639579719812
zero_action,H->R1,snr_db,5012,4.1823086233820055,10.50481682249242,10.272413852867725,4.501484428602293,5.242242374062856,17.05446186836655,21.728706414289025,24.03121298803715,3.7351635768423965
zero_action,H->R1,snr_linear,5012,2.6195751523951154,17.69629318531093,10.647346441293353,2.8193464257338476,3.3436763807167136,50.75118496501362,148.89175239962668,253.00045301066993,25.987871455276295
zero_action,R1->R2,antenna_gain_db,5012,-0.0284182467307254,-0.009850446331785294,-0.0034854917371976435,-0.0284182467307254,-0.026314672857611285,-6.540953514283048e-05,-1.459854596115716e-05,-1.459854596115716e-05,0.009351771239395125
zero_action,R1->R2,antenna_gain_linear,5012,0.993477819228655,0.9977367333128231,0.9991977578368709,0.993477819228655,0.9939591424505149,0.9999849390113619,0.9999966385662187,0.9999966385662187,0.002146975396643344
zero_action,R1->R2,capacity_mbps,5012,33.51940416849261,37.69428403319201,37.8517469387076,33.51940416849261,33.778391179040376,42.507407839996716,43.34798331436812,43.34798331436812,3.108647865380583
zero_action,R1->R2,distance_m,5012,203.21774370402824,252.35410000659422,248.65771666772764,203.21774370402824,209.58989187245874,290.01856682229726,293.58464463602553,293.58464463602553,28.80223638782535
zero_action,R1->R2,elevation_angle_deg,5012,0.105047363254302,2.3241971803509216,1.623055831454854,0.105047363254302,0.2223568244003473,4.457692978426937,4.632253013527592,4.632253013527592,1.4278136487132271
zero_action,R1->R2,height_difference_abs_m,5012,0.4973607398482045,10.18613595666998,7.242299095662901,0.4973607398482045,0.8901517708700624,22.369853817909927,22.369853817909927,22.369853817909927,6.417665535688201
zero_action,R1->R2,horizontal_distance_m,5012,202.92646652379676,252.06972673363828,248.07223471933824,202.92646652379676,209.32633006039194,289.27009466377797,293.4954709487807,293.4954709487807,28.776199868179457
zero_action,R1->R2,snr_db,5012,9.64269460013828,11.007864371907468,11.067485524188951,9.64269460013828,9.729038671367555,12.561663843637305,12.828308858875468,12.828308858875468,1.0086249444033057
zero_action,R1->R2,snr_linear,5012,9.21020846140744,12.961927312745132,12.786407830651795,9.21020846140744,9.395153219794075,18.037086348161267,19.179217572112158,19.179217572112158,3.0807126191871794
zero_action,R2->R3,antenna_gain_db,5012,-0.05692890846046124,-0.011087694575477407,-0.0019206508503238563,-0.05692890846046124,-0.03779214037395657,-3.436995330298265e-06,-3.436995330298265e-06,-3.436995330298265e-06,0.014578145945225647
zero_action,R2->R3,antenna_gain_linear,5012,0.9869771748530796,0.9974558293221726,0.999557851574757,0.9869771748530796,0.9913357905785058,0.9999992086028919,0.9999992086028919,0.9999992086028919,0.00333892856365989
zero_action,R2->R3,capacity_mbps,5012,33.289722383822195,37.748910982208926,38.03522243253676,33.289722383822195,33.351376403131084,42.45291966197702,43.50998979408337,43.50998979408337,3.1448609820087428
zero_action,R2->R3,distance_m,5012,202.2663755242596,251.853444344055,246.87128779284646,202.2663755242596,208.89885086784943,295.11446057720116,295.17900993736004,295.17900993736004,29.246186113542105
zero_action,R2->R3,elevation_angle_deg,5012,0.05097062033249021,2.250980720303429,1.2048658152772658,0.05097062033249021,0.05097062033249021,5.340922070478146,6.552731821807346,6.552731821807346,1.8178238459080036
zero_action,R2->R3,height_difference_abs_m,5012,0.20727404870626742,10.034664836132599,4.253120952215511,0.20727404870626742,0.20727404870626742,25.575125517681954,26.14102402384816,26.14102402384816,8.279352869574668
zero_action,R2->R3,horizontal_distance_m,5012,202.2216547006938,251.52756620924913,246.2019718883704,202.2216547006938,207.53416669277843,293.9544041254647,294.7815026253313,294.7815026253313,29.15712751100487
zero_action,R2->R3,snr_db,5012,9.565979810255577,11.02535890855039,11.12700723839059,9.565979810255577,9.586585696509797,12.544350072031467,12.879605503717613,12.879605503717613,1.0211380263540386
zero_action,R2->R3,snr_linear,5012,9.048945676560649,13.020123497073898,12.962856812239437,9.048945676560649,9.091982050218938,17.965322064143088,19.407095830459085,19.407095830459085,3.0982133681220216
zero_action,R3->R4,antenna_gain_db,5012,-0.04933921097606985,-0.010646967600105995,-0.005810648088160706,-0.04933921097606985,-0.030373874360375072,-3.6808552550458395e-05,-3.5610629008450887e-07,-3.5610629008450887e-07,0.012079518945477636
zero_action,R3->R4,antenna_gain_linear,5012,0.9887035167228659,0.9975553005610439,0.9986629434907719,0.9887035167228659,0.9930305569719071,0.9999915245534771,0.9999999180034999,0.9999999180034999,0.002768341471852734
zero_action,R3->R4,capacity_mbps,5012,33.170786351004665,37.65769799880849,37.9912957807579,33.170786351004665,33.82382004780505,41.81026701384413,43.95349359240419,43.95349359240419,3.1895463059133684
zero_action,R3->R4,distance_m,5012,198.93689051473785,252.78597335713133,247.9063843021028,198.93689051473785,214.06206627212427,290.0691742403336,296.9231400958541,296.9231400958541,29.687376447848262
zero_action,R3->R4,elevation_angle_deg,5012,0.01640666446522023,2.361275286530322,2.0955322095640625,0.01640666446522023,0.16680326216807598,4.788808030500011,6.101201088431207,6.101201088431207,1.5699814500663036
zero_action,R3->R4,height_difference_abs_m,5012,0.0680034019594018,10.34673601970286,9.286329338183805,0.0680034019594018,0.7020287272801795,22.192104963802763,22.75156863988039,22.75156863988039,6.876451431492
zero_action,R3->R4,horizontal_distance_m,5012,198.80385109736415,252.48080992243348,247.8640458452717,198.80385109736415,212.84955800075352,289.8755035583569,296.20894841366976,296.20894841366976,29.684823341665524
zero_action,R3->R4,snr_db,5012,9.52620169609083,10.995479500026775,11.112762237020302,9.52620169609083,9.744167176950887,12.33986652471528,13.019882843630484,13.019882843630484,1.0353770218958382
zero_action,R3->R4,snr_linear,5012,8.966442537660452,12.943135195520174,12.9204078719819,8.966442537660452,9.427937996537754,17.139046318623638,20.04417954953968,20.04417954953968,3.1473932226601233
zero_action,R4->L,antenna_gain_db,5012,-14.745743250241048,-0.20287786486982337,-0.021327390233645938,-2.3672021405867416,-0.9342998032662587,-0.0001339137773358922,-8.077453947447275e-08,-2.9005041539086626e-11,0.8564979484326912
zero_action,R4->L,antenna_gain_linear,5012,0.033529391744216167,0.9650900327920166,0.9951012252460639,0.579802102586311,0.8064362095649514,0.9999691656886431,0.9999999814009751,0.9999999999933213,0.0946350277479226
zero_action,R4->L,capacity_mbps,5012,18.734868975925107,37.27846121070161,34.90501650724286,19.45629988052201,20.538974695345868,65.02456296558967,77.96132607447204,103.75050246830469,13.459773847122005
zero_action,R4->L,distance_m,5012,19.69087029022415,285.552351859806,277.2649844911457,42.509510350441204,84.70810458123812,501.26442614814147,526.6332156867836,545.9072939562353,123.41162751053909
zero_action,R4->L,elevation_angle_deg,5012,0.0001480695931532093,7.092289286948516,4.0146421660363565,0.007813897689235171,0.318157372253238,26.10125568922125,40.408038185569524,79.44901977449295,9.16513904586909
zero_action,R4->L,height_difference_abs_m,5012,0.0008018745685092199,24.248408675854318,19.79149036612415,0.05908366811053156,1.8055712108823627,67.1526777534869,90.75361722879202,93.43706180473018,20.26719135961042
zero_action,R4->L,horizontal_distance_m,5012,6.971132674480508,283.0227607593974,275.73392640392206,28.258337215840168,80.79383124483994,500.2110576752618,526.29610703422,545.7815567588298,125.17966280781076
zero_action,R4->L,snr_db,5012,4.255621234057202,10.73117624578614,10.102773290070548,4.551585817488818,4.986223033359098,19.526176188593613,23.449114012719306,31.228741811028836,4.35943652334596
zero_action,R4->L,snr_linear,5012,2.664171164351674,23.8593059467942,10.2394664889079,2.8520595011301655,3.152261975812709,89.66389875044197,221.2643270811441,1327.0099556840346,57.16213609854838
