candidate,value_normalization,gamma,gae_lambda,run_seed,update,protocol_sha256,validation_seed_count,safety_priority_key,episodes,total_steps,normal_completion_count,collision_count,boundary_count,persistent_outage_count,speed_accel_violations,outage_step_ratio,rate_satisfaction_ratio,mean_e2e_rate_mbps,mean_return,mean_acceleration_mps2,action_saturation_ratio,movement_distance_m,min_link_margin_db,min_separation_m,max_xy_speed_mps,max_abs_z_speed_mps,max_xy_accel_mps2,max_abs_z_accel_mps2
V0H0,False,0.99,0.95,2026,50,a385466ab67698514468f31d24230755fc1f683f855663e20938591aae8614db,20,"[0.0,-0.0,14.0,6.0,0.05894240212864912,-0.914988854605251,-6.94026482827378]",20,3542,0,0,14,6,0,0.05894240212864912,0.914988854605251,6.94026482827378,190.87310946325357,0.25239594161422463,0.0,638.7637552314719,-1.8413351670880278,27.393254430146484,16.669777982669586,6.0,0.5993838741171903,0.5217281579971322
V0H0,False,0.99,0.95,2026,100,a385466ab67698514468f31d24230755fc1f683f855663e20938591aae8614db,20,"[0.0,-0.0,17.0,3.0,0.04138949874850162,-0.9543953966656028,-7.11157441472516]",20,2569,0,0,17,3,0,0.04138949874850162,0.9543953966656028,7.11157441472516,140.59001997083016,0.3809520420555816,0.0,472.68471566332636,-1.6207094767514434,100.53392864579816,20.000000000000004,6.0,0.7696838793853208,0.6396481394767761
V0H0,False,0.99,0.95,2026,150,a385466ab67698514468f31d24230755fc1f683f855663e20938591aae8614db,20,"[0.0,-0.0,10.0,10.0,0.07955027039547016,-0.913715677048485,-6.82708573868139]",20,3133,0,0,10,10,0,0.07955027039547016,0.913715677048485,6.82708573868139,159.86317210430494,0.3347229403965236,0.0,625.3006473034571,-11.439895089366996,37.72734734901062,20.000000000000004,6.0,0.8493779445445656,0.5180257558822632
V0H0,False,0.99,0.95,2026,200,a385466ab67698514468f31d24230755fc1f683f855663e20938591aae8614db,20,"[0.0,-0.0,19.0,1.0,0.02691101083911062,-0.9561558960859127,-7.249995785077026]",20,2809,0,1,18,1,0,0.02691101083911062,0.9561558960859127,7.249995785077026,160.22556898254675,0.39129292436100965,0.0,616.1151034398612,-1.255366672589811,19.953103043410923,20.000000000000004,5.0,0.9452897025464062,0.43452516198158264
V0H0,False,0.99,0.95,2027,50,a385466ab67698514468f31d24230755fc1f683f855663e20938591aae8614db,20,"[0.0,-0.0,3.0,17.0,0.1112513552282121,-0.812687071300141,-6.389004087783991]",20,4088,0,0,3,17,0,0.1112513552282121,0.812687071300141,6.389004087783991,191.24638135445005,0.3848446243506634,0.0,1140.2929248022642,-2.7403909194718277,26.031394455872935,20.000000000000007,5.8345821388764305,1.163027620444186,0.367399126291275
V0H0,False,0.99,0.95,2027,100,a385466ab67698514468f31d24230755fc1f683f855663e20938591aae8614db,20,"[0.0,-0.0,0.0,20.0,0.1158619737347428,-0.8305639256808914,-6.431416836365448]",20,4533,0,0,0,20,0,0.1158619737347428,0.8305639256808914,6.431416836365448,213.44517613241237,0.24257780884362265,0.0,935.1633463102123,-1.6326243836622059,24.534884120916423,20.000000000000004,3.444550705165602,0.8744302786587573,0.29993724822998047
V0H0,False,0.99,0.95,2027,150,a385466ab67698514468f31d24230755fc1f683f855663e20938591aae8614db,20,"[0.0,-0.0,3.0,17.0,0.11868670736812932,-0.8323703169823655,-6.407147697006184]",20,3920,0,0,3,17,0,0.11868670736812932,0.8323703169823655,6.407147697006184,183.0558760000079,0.3963822542487308,0.0,1049.1198170918901,-1.5560962272591201,54.978193318360596,20.000000000000007,3.8852504596114152,1.2666714364906695,0.5796691179275513
V0H0,False,0.99,0.95,2027,200,a385466ab67698514468f31d24230755fc1f683f855663e20938591aae8614db,20,"[0.0,-0.0,12.0,8.0,0.0752243179823747,-0.8718065466509566,-6.704309820689673]",20,3454,0,0,12,8,0,0.0752243179823747,0.8718065466509566,6.704309820689673,175.11768404434582,0.48878567204521284,0.0,1032.013550412662,-1.818522981721689,44.74377989246904,20.000000000000004,6.0,1.2332452385464516,0.667185008525848
V0H0,False,0.99,0.95,2028,50,a385466ab67698514468f31d24230755fc1f683f855663e20938591aae8614db,20,"[0.0,-0.0,16.0,4.0,0.03705350559804764,-0.9458499658281847,-7.1431995817433105]",20,3387,0,0,16,4,0,0.03705350559804764,0.9458499658281847,7.1431995817433105,190.50451561010374,0.22658466760513543,0.0,433.3163241522854,-1.0077092639794563,48.09607250276176,12.168945844311635,6.0,0.5914068982920051,0.48904094099998296
V0H0,False,0.99,0.95,2028,100,a385466ab67698514468f31d24230755fc1f683f855663e20938591aae8614db,20,"[0.0,-0.0,17.0,3.0,0.04640249380660446,-0.9174454023966438,-7.051657923405631]",20,3435,0,1,16,3,0,0.04640249380660446,0.9174454023966438,7.051657923405631,186.39263042122016,0.30767429904222,0.0,647.711028486837,-1.9576922938700863,19.81003711853252,20.000000000000004,6.0,1.151955396296895,0.45067474246025085
V0H0,False,0.99,0.95,2028,150,a385466ab67698514468f31d24230755fc1f683f855663e20938591aae8614db,20,"[0.0,-0.0,17.0,3.0,0.02556171250124979,-0.9581016027895322,-7.231867665156453]",20,2969,0,0,17,3,0,0.02556171250124979,0.9581016027895322,7.231867665156453,168.18875947443433,0.37679085727198103,0.0,593.7411200431548,-1.7830412819407515,37.61172956205892,16.454238898788763,5.0,1.0696711398944256,0.43320226669311346
V0H0,False,0.99,0.95,2028,200,a385466ab67698514468f31d24230755fc1f683f855663e20938591aae8614db,20,"[0.0,-0.0,16.0,4.0,0.04560760284212127,-0.9479473644577853,-7.108387996622795]",20,3068,0,1,15,4,0,0.04560760284212127,0.9479473644577853,7.108387996622795,167.3132508589618,0.3816487402758239,0.0,642.8426543938986,-10.44924800645855,19.301436225228077,15.632301956230272,5.0,0.8623725534805727,0.4241485893726349
V0H1,False,0.995,0.97,2026,50,a385466ab67698514468f31d24230755fc1f683f855663e20938591aae8614db,20,"[0.0,-0.0,10.0,10.0,0.08283341989183735,-0.9092817286929804,-6.785869387511369]",20,3418,0,0,10,10,0,0.08283341989183735,0.9092817286929804,6.785869387511369,175.08605711615814,0.3191720074867403,0.0,697.314243672149,-1.404844113754419,48.66449116950173,18.170924176939145,5.0,0.8094606036177215,0.3044801354408264
V0H1,False,0.995,0.97,2026,100,a385466ab67698514468f31d24230755fc1f683f855663e20938591aae8614db,20,"[0.0,-0.0,11.0,9.0,0.09506383503525526,-0.8700367650621326,-6.569917362923671]",20,3384,0,0,11,9,0,0.09506383503525526,0.8700367650621326,6.569917362923671,164.24965528195497,0.3992859233267144,0.0,725.5809125489943,-2.0083394142326276,47.584332281298806,20.000000000000007,6.0,1.4272372262703106,0.43534597754478543
V0H1,False,0.995,0.97,2026,150,a385466ab67698514468f31d24230755fc1f683f855663e20938591aae8614db,20,"[0.0,-0.0,0.0,20.0,0.1402013465996918,-0.8019374643758788,-6.203456637958691]",20,3701,0,0,0,20,0,0.1402013465996918,0.8019374643758788,6.203456637958691,162.2667308083801,0.4142613788399121,0.0,1106.9702059007113,-2.0090836751933185,21.962851950920516,20.000000000000004,3.3227696240413946,1.1575458751648942,0.30547657608985895
V0H1,False,0.995,0.97,2026,200,a385466ab67698514468f31d24230755fc1f683f855663e20938591aae8614db,20,"[0.0,-0.0,12.0,8.0,0.06558821715064206,-0.9091956383136633,-6.894715890715082]",20,3463,0,0,12,8,0,0.06558821715064206,0.9091956383136633,6.894715890715082,183.0867216670053,0.5111211097563739,0.0,982.77521648978,-1.6835791455233444,55.35127644948622,20.000000000000007,5.0,1.2695431248198883,0.38626566529273987
V0H1,False,0.995,0.97,2027,50,a385466ab67698514468f31d24230755fc1f683f855663e20938591aae8614db,20,"[0.0,-0.0,20.0,0.0,0.01809961946805016,-0.9686668316009438,-7.294001696861822]",20,2563,0,0,20,0,0,0.01809961946805016,0.9686668316009438,7.294001696861822,147.8346208431511,0.4637358962350125,0.0,627.3823410494979,-8.013869334122292,74.87080545911195,15.165731713075727,6.0,0.6247472339122166,0.7384545803070067
V0H1,False,0.995,0.97,2027,100,a385466ab67698514468f31d24230755fc1f683f855663e20938591aae8614db,20,"[0.0,-0.0,15.0,5.0,0.052359802862942895,-0.913084711241965,-6.926807203978609]",20,3486,0,0,15,5,0,0.052359802862942895,0.913084711241965,6.926807203978609,187.34279715378185,0.36145518134618315,0.0,823.7199686731067,-11.026792561908302,85.8894046072828,20.000000000000004,5.400850442051887,0.904273943915852,0.7163082361221313
V0H1,False,0.995,0.97,2027,150,a385466ab67698514468f31d24230755fc1f683f855663e20938591aae8614db,20,"[0.0,-0.0,6.0,14.0,0.10786685194104254,-0.8447888470911293,-6.473577921191449]",20,3834,0,0,6,14,0,0.10786685194104254,0.8447888470911293,6.473577921191449,181.8806366227587,0.3182853611583364,0.0,824.5835168290874,-2.204565557091917,39.5612115443857,20.000000000000004,4.864719516038895,0.81435926882808,0.5353760719299316
V0H1,False,0.995,0.97,2027,200,a385466ab67698514468f31d24230755fc1f683f855663e20938591aae8614db,20,"[0.0,-0.0,9.0,11.0,0.09708869856419304,-0.8631681140035236,-6.562830364044724]",20,3557,0,0,9,11,0,0.09708869856419304,0.8631681140035236,6.562830364044724,172.12837553498565,0.3638754011969512,0.0,802.5645812977227,-2.2839158814593925,26.950247281295752,20.000000000000004,6.0,1.1708651747125687,0.6571412086486816
V0H1,False,0.995,0.97,2028,50,a385466ab67698514468f31d24230755fc1f683f855663e20938591aae8614db,20,"[0.0,-0.0,16.0,4.0,0.05131985667773986,-0.943452679833927,-7.072999011226261]",20,2925,0,0,16,4,0,0.05131985667773986,0.943452679833927,7.072999011226261,159.72029883202146,0.34413082313115423,0.0,624.7539492215252,-1.4327911148272228,63.50009704454966,19.599582756965855,5.0,0.6700670551238302,0.557296156883238
V0H1,False,0.995,0.97,2028,100,a385466ab67698514468f31d24230755fc1f683f855663e20938591aae8614db,20,"[0.0,-0.0,17.0,3.0,0.03434821416766738,-0.948672578191408,-7.157731119092882]",20,3269,0,0,17,3,0,0.03434821416766738,0.948672578191408,7.157731119092882,183.47099749868465,0.3099869683212356,0.0,521.499688572347,-0.9926570028107609,42.83447537434401,20.000000000000004,6.0,1.1993908740262964,0.7331946492195129
V0H1,False,0.995,0.97,2028,150,a385466ab67698514468f31d24230755fc1f683f855663e20938591aae8614db,20,"[0.0,-0.0,17.0,3.0,0.02274731802145583,-0.9538317362355186,-7.229684049473823]",20,3110,0,0,17,3,0,0.02274731802145583,0.9538317362355186,7.229684049473823,177.6642479791922,0.3718676760417775,0.0,560.0713807890776,-1.3395337784595407,68.46378230671188,17.161198094855887,6.0,1.044076851625504,0.5762845873832712
V0H1,False,0.995,0.97,2028,200,a385466ab67698514468f31d24230755fc1f683f855663e20938591aae8614db,20,"[0.0,-0.0,19.0,1.0,0.01826944092646984,-0.958931533230756,-7.227749945206947]",20,3238,0,0,19,1,0,0.01826944092646984,0.958931533230756,7.227749945206947,187.07352242127828,0.3763627856491257,0.0,579.5358293704894,-1.0954330983370748,62.91242730676435,16.86863541132367,6.0,1.078599962405788,0.7364318966865557
V0H2,False,0.998,0.98,2026,50,a385466ab67698514468f31d24230755fc1f683f855663e20938591aae8614db,20,"[0.0,-0.0,18.0,2.0,0.03513915177455147,-0.9497887313146824,-7.162782661132144]",20,3040,0,0,18,2,0,0.03513915177455147,0.9497887313146824,7.162782661132144,170.91302423476708,0.2936333697533508,0.0,599.00404796113,-24.392216818509663,48.88881647426479,16.640148849420534,5.0,0.5479380985424365,0.3428322970867148
V0H2,False,0.998,0.98,2026,100,a385466ab67698514468f31d24230755fc1f683f855663e20938591aae8614db,20,"[0.0,-0.0,13.0,7.0,0.069507351936945,-0.9248851714275409,-6.9450466237340835]",20,3229,0,0,13,7,0,0.069507351936945,0.9248851714275409,6.9450466237340835,173.04732020402577,0.3063426172691411,0.0,528.7028883669797,-1.4014048235624852,73.01368908327927,17.03009069538374,6.0,0.7145021708207465,0.39607506990432917
V0H2,False,0.998,0.98,2026,150,a385466ab67698514468f31d24230755fc1f683f855663e20938591aae8614db,20,"[0.0,-0.0,15.0,5.0,0.05513416571059622,-0.9432792958278654,-7.09279158320083]",20,2817,0,1,14,5,0,0.05513416571059622,0.9432792958278654,7.09279158320083,154.4096961230851,0.40586222726266674,0.0,573.703650975616,-1.5129094363882656,18.169363068586033,17.396331894718763,6.0,0.8721023710458439,0.5345432758331281
V0H2,False,0.998,0.98,2026,200,a385466ab67698514468f31d24230755fc1f683f855663e20938591aae8614db,20,"[0.0,-0.0,18.0,2.0,0.020262902769097795,-0.9754513829451879,-7.373288484608588]",20,3007,0,0,18,2,0,0.020262902769097795,0.9754513829451879,7.373288484608588,175.49908799814196,0.34045742759575875,0.0,489.1885518151392,-1.194841922758581,24.032204641798558,15.77383548632552,6.0,0.8638404200510559,0.5640748739242554
V0H2,False,0.998,0.98,2027,50,a385466ab67698514468f31d24230755fc1f683f855663e20938591aae8614db,20,"[0.0,-0.0,20.0,0.0,0.006465517241379311,-0.9868380541871922,-7.43893427003411]",20,2196,0,0,20,0,0,0.006465517241379311,0.9868380541871922,7.43893427003411,130.30815498687463,0.4454494440594501,0.0,450.72107642310476,-2.3322456318977998,74.15648341546894,12.125337678584367,6.0,0.5586950049426233,0.6463947892189026
V0H2,False,0.998,0.98,2027,100,a385466ab67698514468f31d24230755fc1f683f855663e20938591aae8614db,20,"[0.0,-0.0,2.0,18.0,0.10714258444698468,-0.8562614466089078,-6.502504911722039]",20,4631,0,0,2,18,0,0.10714258444698468,0.8562614466089078,6.502504911722039,223.5205367830061,0.2677542349578195,0.0,1060.5576419558097,-1.7747727391837054,35.08455301816446,20.000000000000007,3.537919103656895,0.8333586617392907,0.4670431315898896
V0H2,False,0.998,0.98,2027,150,a385466ab67698514468f31d24230755fc1f683f855663e20938591aae8614db,20,"[0.0,-0.0,7.0,13.0,0.08445592424528613,-0.8725434704712847,-6.689048164216908]",20,4027,0,1,6,13,0,0.08445592424528613,0.8725434704712847,6.689048164216908,202.73461466244922,0.3122720286250463,0.0,866.0405102306355,-2.2925586953083132,18.836192972651315,20.000000000000004,5.910734222456815,1.0580269715400366,0.6978225708007812
V0H2,False,0.998,0.98,2027,200,a385466ab67698514468f31d24230755fc1f683f855663e20938591aae8614db,20,"[0.0,-0.0,9.0,11.0,0.0782862631865557,-0.8878604040388047,-6.743316503468828]",20,4019,0,2,7,11,0,0.0782862631865557,0.8878604040388047,6.743316503468828,202.91330485055357,0.3841840171451507,0.0,1074.168506679858,-2.033342080526319,18.97737351217028,20.000000000000004,5.8820230757817615,0.8440903380026934,0.8225088715553284
V0H2,False,0.998,0.98,2028,50,a385466ab67698514468f31d24230755fc1f683f855663e20938591aae8614db,20,"[0.0,-0.0,17.0,3.0,0.027209928427725006,-0.9549306169378369,-7.1423723090966265]",20,3251,0,0,17,3,0,0.027209928427725006,0.9549306169378369,7.1423723090966265,184.63288736444966,0.3486842476560869,0.0,612.5136922711503,-22.986713932915684,22.844019443427445,20.0,6.0,1.0277077951773552,0.6862235069274902
V0H2,False,0.998,0.98,2028,100,a385466ab67698514468f31d24230755fc1f683f855663e20938591aae8614db,20,"[0.0,-0.0,16.0,4.0,0.044288420078115565,-0.9097718674743579,-6.938123781194717]",20,3588,0,1,15,4,0,0.044288420078115565,0.9097718674743579,6.938123781194717,195.7649920565526,0.31648661501410086,0.0,645.5244971370531,-1.7002770557995666,19.86729564442205,20.000000000000004,6.0,1.1357628590718358,0.5039900541305542
V0H2,False,0.998,0.98,2028,150,a385466ab67698514468f31d24230755fc1f683f855663e20938591aae8614db,20,"[0.0,-0.0,19.0,1.0,0.012839533646021672,-0.9627320576353176,-7.328947113730342]",20,3054,0,0,19,1,0,0.012839533646021672,0.9627320576353176,7.328947113730342,178.69454342219595,0.40859718758035174,0.0,612.9628121939368,-1.531168702133364,37.347600550454295,20.000000000000004,5.0,1.224992741614809,0.511874794960022
V0H2,False,0.998,0.98,2028,200,a385466ab67698514468f31d24230755fc1f683f855663e20938591aae8614db,20,"[0.0,-0.0,17.0,3.0,0.05166513980334975,-0.9217370335321254,-6.991994385441849]",20,3021,0,2,15,3,0,0.05166513980334975,0.9217370335321254,6.991994385441849,160.40749994232596,0.5044146931030332,0.0,780.8147179157249,-4.824589474720057,17.13507921965207,20.000000000000004,6.0,1.5669081582748325,0.5619423985481253
V1H0,True,0.99,0.95,2026,50,a385466ab67698514468f31d24230755fc1f683f855663e20938591aae8614db,20,"[0.0,-0.0,11.0,9.0,0.07834792716439504,-0.906745299752755,-6.7489124198450785]",20,3776,0,0,11,9,0,0.07834792716439504,0.906745299752755,6.7489124198450785,193.52730054420556,0.38710299833040873,0.0,1023.5306078950834,-12.524111151039316,37.93858905320769,20.000000000000004,6.0,0.8323572013137297,0.8872295022010812
V1H0,True,0.99,0.95,2026,100,a385466ab67698514468f31d24230755fc1f683f855663e20938591aae8614db,20,"[0.0,-0.0,14.0,6.0,0.05517896901272797,-0.9395001800485681,-6.954978400304978]",20,3206,0,0,14,6,0,0.05517896901272797,0.9395001800485681,6.954978400304978,171.99757832100588,0.4097118891938467,0.0,718.4569834732441,-1.1102688321293512,51.17592406106714,20.000000000000004,6.0,0.9519569695434651,0.7188148498535174
V1H0,True,0.99,0.95,2026,150,a385466ab67698514468f31d24230755fc1f683f855663e20938591aae8614db,20,"[0.0,-0.0,17.0,3.0,0.050475115362363744,-0.9355676016400025,-6.969786904074541]",20,3106,0,0,17,3,0,0.050475115362363744,0.9355676016400025,6.969786904074541,165.5301880113793,0.48713334195909025,0.0,797.7881978458742,-1.5117334134657225,46.51294310561996,20.000000000000004,6.0,1.065589316998123,0.721060037612915
V1H0,True,0.99,0.95,2026,200,a385466ab67698514468f31d24230755fc1f683f855663e20938591aae8614db,20,"[0.0,-0.0,20.0,0.0,0.022231387957154743,-0.9727583345505533,-7.23088036982481]",20,2760,0,0,20,0,0,0.022231387957154743,0.9727583345505533,7.23088036982481,157.83201031133518,0.4630004940861091,0.0,632.619282967428,-2.104927323560848,55.60632967957073,20.000000000000004,6.0,1.1047706617300972,0.8617938756942767
V1H0,True,0.99,0.95,2027,50,a385466ab67698514468f31d24230755fc1f683f855663e20938591aae8614db,20,"[0.0,-0.0,14.0,6.0,0.06197297341777765,-0.9017440019073627,-6.846248282223584]",20,3804,0,0,14,6,0,0.06197297341777765,0.9017440019073627,6.846248282223584,196.13025531781537,0.33062144717106545,0.0,882.6596687948273,-1.2736036932298722,41.55358546434002,20.000000000000004,5.0,0.8020519126650778,0.30871227383613586
V1H0,True,0.99,0.95,2027,100,a385466ab67698514468f31d24230755fc1f683f855663e20938591aae8614db,20,"[0.0,-0.0,14.0,6.0,0.04730128108959651,-0.9013354065035418,-6.87552449792056]",20,3633,0,0,14,6,0,0.04730128108959651,0.9013354065035418,6.87552449792056,193.94430466683528,0.3108907386857404,0.0,866.3192988719253,-4.58080187724588,52.69031669780779,20.000000000000004,4.463027688860893,0.6513359691253592,0.5120812058448792
V1H0,True,0.99,0.95,2027,150,a385466ab67698514468f31d24230755fc1f683f855663e20938591aae8614db,20,"[0.0,-0.0,13.0,7.0,0.0769936808394806,-0.8673249514955605,-6.6332232297062745]",20,3834,0,0,13,7,0,0.0769936808394806,0.8673249514955605,6.6332232297062745,192.2469855497631,0.3325056221977308,0.0,891.1253481244408,-4.941020126702731,28.870125468658554,20.000000000000004,5.328610336780549,0.8049025311189739,0.4050162136554718
V1H0,True,0.99,0.95,2027,200,a385466ab67698514468f31d24230755fc1f683f855663e20938591aae8614db,20,"[0.0,-0.0,14.0,6.0,0.07587267477844432,-0.8887627449322443,-6.742162549590307]",20,3400,0,0,14,6,0,0.07587267477844432,0.8887627449322443,6.742162549590307,173.25553290275255,0.4267767900519138,0.0,831.3429994164237,-2.2031674541711115,33.42011563247661,20.000000000000004,6.0,1.2942842065292492,0.470316082239151
V1H0,True,0.99,0.95,2028,50,a385466ab67698514468f31d24230755fc1f683f855663e20938591aae8614db,20,"[0.0,-0.0,19.0,1.0,0.013136813997610849,-0.9821651994252079,-7.379906987934258]",20,2593,0,0,19,1,0,0.013136813997610849,0.9821651994252079,7.379906987934258,152.47784763091693,0.36047086719251376,0.0,524.8442358100909,-0.9972165153279624,86.62771356888926,13.454486374466608,5.0,0.6520687560278791,0.7294536828994769
V1H0,True,0.99,0.95,2028,100,a385466ab67698514468f31d24230755fc1f683f855663e20938591aae8614db,20,"[0.0,-0.0,18.0,2.0,0.030968972560006476,-0.9651024560114221,-7.205928918902676]",20,2506,0,0,18,2,0,0.030968972560006476,0.9651024560114221,7.205928918902676,140.84984563143894,0.4957537294777197,0.0,657.6068876425966,-1.3392424250322907,71.33799120358232,15.740428798380444,6.0,0.7951144820871664,1.1351262331008893
V1H0,True,0.99,0.95,2028,150,a385466ab67698514468f31d24230755fc1f683f855663e20938591aae8614db,20,"[0.0,-0.0,18.0,2.0,0.033191116725338046,-0.9649319895478076,-7.187519605576105]",20,2470,0,0,18,2,0,0.033191116725338046,0.9649319895478076,7.187519605576105,138.16562687889066,0.5536053497986421,0.0,715.0342696231987,-1.2448512549125867,83.54254280985282,20.000000000000004,6.0,1.0969680150605243,1.1320528984069833
V1H0,True,0.99,0.95,2028,200,a385466ab67698514468f31d24230755fc1f683f855663e20938591aae8614db,20,"[0.0,-0.0,14.0,6.0,0.07661368726673926,-0.9060374286884739,-6.79363150212895]",20,2647,0,0,14,6,0,0.07661368726673926,0.9060374286884739,6.79363150212895,134.51684589621468,0.6977251834393815,0.0,1011.9690075956648,-1.582529720030565,40.43059414591133,20.000000000000004,6.0,1.356982229475789,1.337926983833313
V1H1,True,0.995,0.97,2026,50,a385466ab67698514468f31d24230755fc1f683f855663e20938591aae8614db,20,"[0.0,-0.0,15.0,5.0,0.042884259674939126,-0.9472099798557355,-7.143031654758633]",20,3439,0,0,15,5,0,0.042884259674939126,0.9472099798557355,7.143031654758633,192.62278323922013,0.17469116437691024,0.0,366.2600453346703,-1.0991965059741227,39.88003462903821,12.61757198965715,6.0,0.5578983019952116,0.26044026017189026
V1H1,True,0.995,0.97,2026,100,a385466ab67698514468f31d24230755fc1f683f855663e20938591aae8614db,20,"[0.0,-0.0,0.0,20.0,0.12147309837243583,-0.8703650611510018,-6.520804763121068]",20,4566,0,0,0,20,0,0.12147309837243583,0.8703650611510018,6.520804763121068,220.3210364609718,0.28575510386703434,0.0,1088.249420588029,-2.1357073386189773,23.394269327421505,20.000000000000004,4.302515870798381,0.7611159529950453,0.37709105014801025
V1H1,True,0.995,0.97,2026,150,a385466ab67698514468f31d24230755fc1f683f855663e20938591aae8614db,20,"[0.0,-0.0,1.0,19.0,0.12446126971305708,-0.8718633516115641,-6.541517089728151]",20,4279,0,0,1,19,0,0.12446126971305708,0.8718633516115641,6.541517089728151,207.24170808342623,0.3559479941871105,0.0,1251.646595887524,-2.0787352031477964,45.32982647621832,20.000000000000004,3.4300236499169863,0.9547665044811464,0.30496567487716675
V1H1,True,0.995,0.97,2026,200,a385466ab67698514468f31d24230755fc1f683f855663e20938591aae8614db,20,"[0.0,-0.0,0.0,20.0,0.13589088832083238,-0.8532628097639682,-6.414587458728822]",20,3970,0,0,0,20,0,0.13589088832083238,0.8532628097639682,6.414587458728822,184.2052716021554,0.3998668127740792,0.0,1268.2524402236616,-1.9642904792435418,35.43114563905576,20.000000000000007,3.8089345842599887,0.9472104358874908,0.5403257608413696
V1H1,True,0.995,0.97,2027,50,a385466ab67698514468f31d24230755fc1f683f855663e20938591aae8614db,20,"[0.0,-1.0,1.0,18.0,0.09372344035115188,-0.8637922641194573,-6.6538349839366635]",20,5656,1,1,0,18,0,0.09372344035115188,0.8637922641194573,6.6538349839366635,287.67390177912364,0.110352113027204,0.0,711.9009952557992,-1.5134991096551738,18.10697531497394,13.287750165957267,2.577015120838768,0.4038024749915982,0.18588072061538696
V1H1,True,0.995,0.97,2027,100,a385466ab67698514468f31d24230755fc1f683f855663e20938591aae8614db,20,"[0.0,-0.0,1.0,19.0,0.13566407435957964,-0.8592140909533684,-6.432454258937538]",20,3831,0,1,0,19,0,0.13566407435957964,0.8592140909533684,6.432454258937538,177.65593085500586,0.2723005130286106,0.0,767.808534063435,-1.687854707419996,19.0297844764991,20.000000000000004,1.999301523086615,0.9141970698563835,0.3284333050251007
V1H1,True,0.995,0.97,2027,150,a385466ab67698514468f31d24230755fc1f683f855663e20938591aae8614db,20,"[0.0,-0.0,4.0,16.0,0.1342180144276845,-0.8466298829610037,-6.400986739986012]",20,3537,0,1,3,16,0,0.1342180144276845,0.8466298829610037,6.400986739986012,163.02561882653976,0.3764795526364132,0.0,785.785200255745,-2.4843705492103996,19.375117891197274,20.000000000000004,5.0,1.081955348709317,0.5671538710594177
V1H1,True,0.995,0.97,2027,200,a385466ab67698514468f31d24230755fc1f683f855663e20938591aae8614db,20,"[0.0,-0.0,2.0,18.0,0.1397714648053054,-0.8278363690745877,-6.349562095014025]",20,3607,0,2,0,18,0,0.1397714648053054,0.8278363690745877,6.349562095014025,161.29394560505602,0.43824611744279035,0.0,1022.3168323438425,-2.7525391556440995,17.565686180547818,20.000000000000007,6.0,1.4529680780980174,0.6076069474220275
V1H1,True,0.995,0.97,2028,50,a385466ab67698514468f31d24230755fc1f683f855663e20938591aae8614db,20,"[0.0,-0.0,18.0,2.0,0.021223734870498168,-0.9536588741963508,-7.212073503461156]",20,2883,0,0,18,2,0,0.021223734870498168,0.9536588741963508,7.212073503461156,163.5764709119676,0.39632516881107793,0.0,562.192921762398,-1.1812871152317501,37.79157367573486,20.000000000000004,6.0,1.0707687831284205,0.6151059865951547
V1H1,True,0.995,0.97,2028,100,a385466ab67698514468f31d24230755fc1f683f855663e20938591aae8614db,20,"[0.0,-0.0,20.0,0.0,0.01426765190659024,-0.9748814338880653,-7.367164101255739]",20,2673,0,0,20,0,0,0.01426765190659024,0.9748814338880653,7.367164101255739,155.68419104099408,0.43950672086055526,0.0,491.28168169661114,-0.9359020483917817,33.54712460894439,19.005781002652434,5.0,1.197647617391066,0.5675330758094788
V1H1,True,0.995,0.97,2028,150,a385466ab67698514468f31d24230755fc1f683f855663e20938591aae8614db,20,"[0.0,-0.0,19.0,1.0,0.02464466678638925,-0.964064135522413,-7.299429054030078]",20,2438,0,1,18,1,0,0.02464466678638925,0.964064135522413,7.299429054030078,139.0116760511796,0.686571202789414,0.0,727.885701820771,-1.5555815784375113,19.869500120421346,20.000000000000004,6.0,1.1633147135826853,0.8814890980720502
V1H1,True,0.995,0.97,2028,200,a385466ab67698514468f31d24230755fc1f683f855663e20938591aae8614db,20,"[0.0,-0.0,19.0,1.0,0.0216122917544042,-0.9783877082455958,-7.324302880878752]",20,2457,0,1,18,1,0,0.0216122917544042,0.9783877082455958,7.324302880878752,141.2041827304733,0.7577964188864098,0.0,788.5695857461594,-1.47776603192175,17.612567703621657,20.000000000000004,5.0,1.3578958509450498,0.7821222543716433
V1H2,True,0.998,0.98,2026,50,a385466ab67698514468f31d24230755fc1f683f855663e20938591aae8614db,20,"[0.0,-0.0,15.0,5.0,0.037457545409164954,-0.953840144869417,-7.063962989138334]",20,3368,0,0,15,5,0,0.037457545409164954,0.953840144869417,7.063962989138334,184.8542769840506,0.2067035340650656,0.0,379.0145519278821,-1.217327095930694,38.00568258272524,14.393120935177283,6.0,0.6942567652132718,0.44766247272491455
V1H2,True,0.998,0.98,2026,100,a385466ab67698514468f31d24230755fc1f683f855663e20938591aae8614db,20,"[0.0,-0.0,18.0,2.0,0.014678030303030304,-0.9770833333333334,-7.334692532600053]",20,2868,0,0,18,2,0,0.014678030303030304,0.9770833333333334,7.334692532600053,166.36602885524076,0.3466703769360832,0.0,474.61153718073945,-0.8458729848282465,36.82302119779577,13.903941837700138,6.0,0.7468571425853056,0.6029624342918405
V1H2,True,0.998,0.98,2026,150,a385466ab67698514468f31d24230755fc1f683f855663e20938591aae8614db,20,"[0.0,-0.0,18.0,2.0,0.01641563498035682,-0.9558567705591388,-7.246900032081467]",20,2912,0,0,18,2,0,0.01641563498035682,0.9558567705591388,7.246900032081467,166.28007439555384,0.28866461889620254,0.0,442.87015841488,-0.86090717393592,25.075389254275578,16.132436549548117,6.0,0.5722214065492187,0.6504679322242746
V1H2,True,0.998,0.98,2026,200,a385466ab67698514468f31d24230755fc1f683f855663e20938591aae8614db,20,"[0.0,-0.0,19.0,1.0,0.015112229102167182,-0.9743123584862067,-7.322720865893098]",20,2541,0,0,19,1,0,0.015112229102167182,0.9743123584862067,7.322720865893098,147.15472618756394,0.3545983386119033,0.0,381.22574726888604,-1.0679553143195752,44.059726278001,14.836603852742197,6.0,0.70678944109391,0.8339205980300912
V1H2,True,0.998,0.98,2027,50,a385466ab67698514468f31d24230755fc1f683f855663e20938591aae8614db,20,"[0.0,-0.0,20.0,0.0,0.020477192076147607,-0.9712149057230123,-7.281812135166767]",20,3103,0,0,20,0,0,0.020477192076147607,0.9712149057230123,7.281812135166767,179.47093152939874,0.29499892748407924,0.0,500.8911595262756,-1.117213486188953,35.24105802345411,15.301538221885217,5.0,0.7483628325541511,0.4586825668811789
V1H2,True,0.998,0.98,2027,100,a385466ab67698514468f31d24230755fc1f683f855663e20938591aae8614db,20,"[0.0,-0.0,16.0,4.0,0.038196208090916485,-0.9480150746278252,-7.1379028056031375]",20,2948,0,1,15,4,0,0.038196208090916485,0.9480150746278252,7.1379028056031375,163.22996154567315,0.35966386632956776,0.0,489.66395393756903,-1.5086915864388297,18.434825395883852,20.0,5.560671863704919,1.0250855826345069,0.4956742525100699
V1H2,True,0.998,0.98,2027,150,a385466ab67698514468f31d24230755fc1f683f855663e20938591aae8614db,20,"[0.0,-0.0,16.0,4.0,0.06108008482239933,-0.9191649283482152,-6.945658996285505]",20,2613,0,0,16,4,0,0.06108008482239933,0.9191649283482152,6.945658996285505,135.54373118416652,0.5916294809354106,0.0,648.0165310495618,-2.587790198704452,32.14641016386837,20.000000000000007,6.0,1.803564653521933,0.969900965690611
V1H2,True,0.998,0.98,2027,200,a385466ab67698514468f31d24230755fc1f683f855663e20938591aae8614db,20,"[0.0,-0.0,15.0,5.0,0.0622732506953748,-0.9191149652428401,-6.889121132903253]",20,2617,0,0,15,5,0,0.0622732506953748,0.9191149652428401,6.889121132903253,135.15446085620664,0.6977552262177258,0.0,796.7901204091688,-2.4902362196218872,30.585372836863257,20.000000000000004,6.0,1.911409424982567,1.0764516592025775
V1H2,True,0.998,0.98,2028,50,a385466ab67698514468f31d24230755fc1f683f855663e20938591aae8614db,20,"[0.0,-0.0,18.0,2.0,0.02392187199490878,-0.9620607211684422,-7.220075997740139]",20,3053,0,0,18,2,0,0.02392187199490878,0.9620607211684422,7.220075997740139,174.2265450049111,0.2713685273795722,0.0,437.3527676062943,-1.026367911809762,71.40521803137817,13.752703566668927,6.0,0.6923007092470764,0.6961087584495562
V1H2,True,0.998,0.98,2028,100,a385466ab67698514468f31d24230755fc1f683f855663e20938591aae8614db,20,"[0.0,-0.0,20.0,0.0,0.0,-0.9862037815126051,-7.446141416441142]",20,2889,0,0,20,0,0,0.0,0.9862037815126051,7.446141416441142,173.322461400167,0.2504500961653307,0.0,392.12768209017906,0.06396998983247393,31.912932334889614,11.401559016328031,6.0,0.669247922940017,0.7442708015441912
V1H2,True,0.998,0.98,2028,150,a385466ab67698514468f31d24230755fc1f683f855663e20938591aae8614db,20,"[0.0,-0.0,19.0,1.0,0.019587139602587948,-0.9674572077512427,-7.316044627530447]",20,3047,0,0,19,1,0,0.019587139602587948,0.9674572077512427,7.316044627530447,177.09370138314338,0.2682854564737295,0.0,473.482949533593,-1.065391017377388,86.78775097465717,10.04808113488618,5.0,0.6695854886558485,0.4808149039745335
V1H2,True,0.998,0.98,2028,200,a385466ab67698514468f31d24230755fc1f683f855663e20938591aae8614db,20,"[0.0,-0.0,19.0,1.0,0.011482820976491863,-0.9787883045794439,-7.399420438891617]",20,2617,0,0,19,1,0,0.011482820976491863,0.9787883045794439,7.399420438891617,153.6973608502475,0.3317862774984927,0.0,411.0682311565635,-7.400535498410331,62.46964085336963,12.063944871166264,5.0,0.6325690193758525,0.7142788171768188
